Date,Open,High,Low,Close,index
2001-01-01,855.85,868.8,855.75,862.1,NSE/CNXMIDCAP200
2001-01-02,862.15,871.25,860.5,870.75,NSE/CNXMIDCAP200
2001-01-03,870.75,883.4,869.3,883.1,NSE/CNXMIDCAP200
2001-01-04,883.35,899.6,874.1,874.9,NSE/CNXMIDCAP200
2001-01-05,874.85,876.6,871.7,876.5,NSE/CNXMIDCAP200
2001-01-08,876.25,877.4,859.85,863.4,NSE/CNXMIDCAP200
2001-01-09,863.95,866.75,852.05,854.05,NSE/CNXMIDCAP200
2001-01-10,854.3,867.85,853.95,856.55,NSE/CNXMIDCAP200
2001-01-11,856.6,860.45,848.55,850.1,NSE/CNXMIDCAP200
2001-01-12,850.2,855.4,844.0,845.4,NSE/CNXMIDCAP200
2001-01-15,845.6,847.9,837.05,840.4,NSE/CNXMIDCAP200
2001-01-16,841.0,845.4,838.05,842.15,NSE/CNXMIDCAP200
2001-01-17,842.5,854.6,842.5,846.15,NSE/CNXMIDCAP200
2001-01-18,846.15,849.5,844.1,849.25,NSE/CNXMIDCAP200
2001-01-19,849.25,857.3,849.25,856.4,NSE/CNXMIDCAP200
2001-01-22,856.4,866.55,856.15,866.25,NSE/CNXMIDCAP200
2001-01-23,866.2,868.05,859.35,862.4,NSE/CNXMIDCAP200
2001-01-24,862.65,876.2,862.65,875.9,NSE/CNXMIDCAP200
2001-01-25,875.95,880.1,870.25,879.7,NSE/CNXMIDCAP200
2001-01-29,879.65,879.65,847.0,856.9,NSE/CNXMIDCAP200
2001-01-30,857.05,869.5,855.95,868.5,NSE/CNXMIDCAP200
2001-01-31,868.6,884.15,868.6,872.25,NSE/CNXMIDCAP200
2001-02-01,872.5,873.9,852.35,858.15,NSE/CNXMIDCAP200
2001-02-02,858.25,869.0,857.65,864.65,NSE/CNXMIDCAP200
2001-02-05,865.15,879.55,865.15,879.15,NSE/CNXMIDCAP200
2001-02-06,879.2,900.05,879.2,897.3,NSE/CNXMIDCAP200
2001-02-07,899.25,921.95,899.25,910.95,NSE/CNXMIDCAP200
2001-02-08,910.75,933.5,910.75,933.35,NSE/CNXMIDCAP200
2001-02-09,933.45,954.25,933.45,946.25,NSE/CNXMIDCAP200
2001-02-12,946.4,957.95,942.45,946.4,NSE/CNXMIDCAP200
2001-02-13,946.5,951.2,929.05,933.35,NSE/CNXMIDCAP200
2001-02-14,933.45,943.9,930.35,940.95,NSE/CNXMIDCAP200
2001-02-15,941.0,949.9,941.0,946.45,NSE/CNXMIDCAP200
2001-02-16,946.55,950.5,910.8,914.35,NSE/CNXMIDCAP200
2001-02-19,914.6,922.95,907.1,915.6,NSE/CNXMIDCAP200
2001-02-20,915.65,920.2,909.45,913.55,NSE/CNXMIDCAP200
2001-02-21,913.8,921.35,905.1,909.05,NSE/CNXMIDCAP200
2001-02-22,909.15,909.35,883.6,898.45,NSE/CNXMIDCAP200
2001-02-23,898.55,900.6,862.75,862.9,NSE/CNXMIDCAP200
2001-02-26,863.05,871.2,854.8,869.35,NSE/CNXMIDCAP200
2001-02-27,871.35,871.35,871.35,913.55,NSE/CNXMIDCAP200
2001-02-28,848.1,876.55,846.3,864.75,NSE/CNXMIDCAP200
2001-03-01,865.45,866.65,856.65,913.55,NSE/CNXMIDCAP200
2001-03-02,865.9,878.25,820.15,822.85,NSE/CNXMIDCAP200
2001-03-05,821.4,821.45,779.2,783.95,NSE/CNXMIDCAP200
2001-03-07,794.8,803.25,771.15,795.75,NSE/CNXMIDCAP200
2001-03-08,796.0,796.0,783.45,783.6,NSE/CNXMIDCAP200
2001-03-09,764.65,764.65,737.9,748.05,NSE/CNXMIDCAP200
2001-03-12,745.25,745.25,705.3,706.25,NSE/CNXMIDCAP200
2001-03-13,687.05,687.05,647.45,653.35,NSE/CNXMIDCAP200
2001-03-14,649.9,693.4,649.9,691.8,NSE/CNXMIDCAP200
2001-03-15,688.3,704.7,682.95,704.4,NSE/CNXMIDCAP200
2001-03-16,702.45,709.5,683.35,688.8,NSE/CNXMIDCAP200
2001-03-19,689.4,692.75,681.75,687.5,NSE/CNXMIDCAP200
2001-03-20,687.5,688.4,669.15,680.15,NSE/CNXMIDCAP200
2001-03-21,680.65,690.3,671.9,690.3,NSE/CNXMIDCAP200
2001-03-22,690.2,697.9,685.15,685.7,NSE/CNXMIDCAP200
2001-03-23,687.1,688.55,659.55,666.1,NSE/CNXMIDCAP200
2001-03-26,666.25,668.0,658.9,666.0,NSE/CNXMIDCAP200
2001-03-27,666.05,675.5,664.7,674.8,NSE/CNXMIDCAP200
2001-03-28,677.55,693.5,677.55,691.2,NSE/CNXMIDCAP200
2001-03-29,689.05,689.15,676.9,682.8,NSE/CNXMIDCAP200
2001-03-30,681.85,681.85,658.25,660.65,NSE/CNXMIDCAP200
2001-04-02,654.85,654.85,627.35,640.45,NSE/CNXMIDCAP200
2001-04-03,639.3,646.1,638.3,645.45,NSE/CNXMIDCAP200
2001-04-04,642.75,643.0,634.4,642.55,NSE/CNXMIDCAP200
2001-04-06,646.65,654.85,636.75,637.35,NSE/CNXMIDCAP200
2001-04-09,638.05,640.95,635.4,640.1,NSE/CNXMIDCAP200
2001-04-10,640.45,640.55,623.6,626.95,NSE/CNXMIDCAP200
2001-04-11,630.15,631.95,613.25,615.05,NSE/CNXMIDCAP200
2001-04-12,615.0,615.0,588.85,596.95,NSE/CNXMIDCAP200
2001-04-16,596.65,609.0,593.15,608.6,NSE/CNXMIDCAP200
2001-04-17,609.55,621.4,605.35,621.05,NSE/CNXMIDCAP200
2001-04-18,623.45,651.7,623.45,651.7,NSE/CNXMIDCAP200
2001-04-19,658.25,676.2,651.2,653.0,NSE/CNXMIDCAP200
2001-04-20,653.1,656.6,639.35,648.15,NSE/CNXMIDCAP200
2001-04-23,649.55,656.2,647.5,651.3,NSE/CNXMIDCAP200
2001-04-24,652.7,656.4,644.2,656.4,NSE/CNXMIDCAP200
2001-04-25,658.8,670.7,658.8,668.7,NSE/CNXMIDCAP200
2001-04-26,670.8,675.75,662.95,663.45,NSE/CNXMIDCAP200
2001-04-27,657.9,657.9,630.05,633.95,NSE/CNXMIDCAP200
2001-04-30,633.75,642.7,631.85,642.7,NSE/CNXMIDCAP200
2001-05-02,645.1,655.8,645.1,648.7,NSE/CNXMIDCAP200
2001-05-03,651.15,653.0,641.85,645.15,NSE/CNXMIDCAP200
2001-05-04,645.25,646.0,640.8,645.9,NSE/CNXMIDCAP200
2001-05-07,647.55,653.7,647.55,651.95,NSE/CNXMIDCAP200
2001-05-08,652.9,660.0,652.05,660.0,NSE/CNXMIDCAP200
2001-05-09,660.6,665.15,654.7,654.9,NSE/CNXMIDCAP200
2001-05-10,657.6,658.5,653.45,654.9,NSE/CNXMIDCAP200
2001-05-11,655.75,655.75,649.05,651.45,NSE/CNXMIDCAP200
2001-05-14,652.15,653.75,648.85,650.95,NSE/CNXMIDCAP200
2001-05-15,650.7,650.7,631.8,647.25,NSE/CNXMIDCAP200
2001-05-16,648.95,664.2,648.95,661.1,NSE/CNXMIDCAP200
2001-05-17,662.0,672.1,662.0,671.95,NSE/CNXMIDCAP200
2001-05-18,673.3,680.4,673.3,680.4,NSE/CNXMIDCAP200
2001-05-21,680.85,691.45,680.85,686.7,NSE/CNXMIDCAP200
2001-05-22,688.9,691.85,686.7,689.85,NSE/CNXMIDCAP200
2001-05-23,690.5,704.05,690.5,704.05,NSE/CNXMIDCAP200
2001-05-24,704.3,708.1,697.7,698.95,NSE/CNXMIDCAP200
2001-05-25,700.55,703.05,693.6,703.0,NSE/CNXMIDCAP200
2001-05-28,704.6,713.55,704.6,712.8,NSE/CNXMIDCAP200
2001-05-29,713.7,721.55,713.7,721.45,NSE/CNXMIDCAP200
2001-05-30,723.15,731.25,715.5,715.5,NSE/CNXMIDCAP200
2001-05-31,715.7,717.2,703.85,717.0,NSE/CNXMIDCAP200
2001-06-01,717.25,720.1,706.0,707.1,NSE/CNXMIDCAP200
2001-06-04,708.8,709.4,688.55,689.0,NSE/CNXMIDCAP200
2001-06-05,688.7,690.05,676.9,679.2,NSE/CNXMIDCAP200
2001-06-06,680.2,689.75,680.2,683.75,NSE/CNXMIDCAP200
2001-06-07,684.25,684.75,664.15,673.1,NSE/CNXMIDCAP200
2001-06-08,673.3,678.9,673.3,678.05,NSE/CNXMIDCAP200
2001-06-11,678.8,680.9,676.3,679.4,NSE/CNXMIDCAP200
2001-06-12,679.4,680.4,673.6,676.7,NSE/CNXMIDCAP200
2001-06-13,679.3,684.8,679.3,682.45,NSE/CNXMIDCAP200
2001-06-14,682.6,684.15,674.25,674.8,NSE/CNXMIDCAP200
2001-06-15,674.0,674.0,657.65,660.0,NSE/CNXMIDCAP200
2001-06-18,659.9,659.9,644.5,649.4,NSE/CNXMIDCAP200
2001-06-19,649.4,652.8,647.9,649.95,NSE/CNXMIDCAP200
2001-06-20,649.65,650.45,646.2,648.1,NSE/CNXMIDCAP200
2001-06-21,648.1,649.3,642.1,643.05,NSE/CNXMIDCAP200
2001-06-22,643.0,643.6,628.3,629.0,NSE/CNXMIDCAP200
2001-06-25,626.6,626.6,610.85,611.0,NSE/CNXMIDCAP200
2001-06-26,610.1,623.15,607.15,623.0,NSE/CNXMIDCAP200
2001-06-27,622.8,628.9,619.9,623.05,NSE/CNXMIDCAP200
2001-06-28,623.3,624.3,618.35,618.8,NSE/CNXMIDCAP200
2001-06-29,619.7,624.95,615.95,622.15,NSE/CNXMIDCAP200
2001-07-02,622.25,629.65,622.25,627.5,NSE/CNXMIDCAP200
2001-07-03,627.25,627.25,618.1,618.7,NSE/CNXMIDCAP200
2001-07-04,619.25,622.6,615.5,617.9,NSE/CNXMIDCAP200
2001-07-05,618.0,621.3,616.4,618.35,NSE/CNXMIDCAP200
2001-07-06,618.5,620.2,614.75,615.6,NSE/CNXMIDCAP200
2001-07-09,615.75,615.75,611.0,615.35,NSE/CNXMIDCAP200
2001-07-10,616.15,619.95,616.15,617.6,NSE/CNXMIDCAP200
2001-07-11,617.6,618.45,616.05,617.35,NSE/CNXMIDCAP200
2001-07-12,617.45,622.5,617.45,622.35,NSE/CNXMIDCAP200
2001-07-13,623.45,626.45,619.65,620.25,NSE/CNXMIDCAP200
2001-07-16,621.0,625.0,621.0,622.8,NSE/CNXMIDCAP200
2001-07-17,623.7,623.9,619.55,620.3,NSE/CNXMIDCAP200
2001-07-18,621.55,622.35,617.3,617.35,NSE/CNXMIDCAP200
2001-07-19,617.3,617.3,609.7,611.45,NSE/CNXMIDCAP200
2001-07-20,611.5,612.2,604.2,604.6,NSE/CNXMIDCAP200
2001-07-23,604.55,605.45,600.5,602.5,NSE/CNXMIDCAP200
2001-07-24,602.35,602.35,590.45,591.1,NSE/CNXMIDCAP200
2001-07-25,591.7,591.7,575.85,576.45,NSE/CNXMIDCAP200
2001-07-26,576.4,578.0,571.25,574.65,NSE/CNXMIDCAP200
2001-07-27,575.85,579.55,575.6,579.55,NSE/CNXMIDCAP200
2001-07-30,579.4,586.1,579.4,585.8,NSE/CNXMIDCAP200
2001-07-31,586.4,587.55,582.7,587.0,NSE/CNXMIDCAP200
2001-08-01,588.75,589.9,584.3,584.5,NSE/CNXMIDCAP200
2001-08-02,583.7,588.1,583.7,587.0,NSE/CNXMIDCAP200
2001-08-03,586.85,592.3,586.85,591.4,NSE/CNXMIDCAP200
2001-08-06,591.5,597.1,591.5,593.4,NSE/CNXMIDCAP200
2001-08-07,593.7,595.6,589.8,590.75,NSE/CNXMIDCAP200
2001-08-08,591.4,591.4,588.3,588.95,NSE/CNXMIDCAP200
2001-08-09,589.2,590.55,587.85,588.65,NSE/CNXMIDCAP200
2001-08-10,589.2,591.85,587.25,588.35,NSE/CNXMIDCAP200
2001-08-13,588.95,591.15,586.4,587.05,NSE/CNXMIDCAP200
2001-08-14,587.5,589.7,585.55,588.0,NSE/CNXMIDCAP200
2001-08-16,587.65,589.25,586.25,586.85,NSE/CNXMIDCAP200
2001-08-17,587.05,589.5,585.4,586.8,NSE/CNXMIDCAP200
2001-08-20,588.0,588.05,584.2,584.85,NSE/CNXMIDCAP200
2001-08-21,585.5,587.7,584.4,587.25,NSE/CNXMIDCAP200
2001-08-23,587.25,587.9,585.5,587.0,NSE/CNXMIDCAP200
2001-08-24,587.5,587.5,582.2,582.6,NSE/CNXMIDCAP200
2001-08-27,583.4,587.2,583.4,585.95,NSE/CNXMIDCAP200
2001-08-28,586.3,587.75,585.35,585.9,NSE/CNXMIDCAP200
2001-08-29,587.35,587.35,585.0,585.65,NSE/CNXMIDCAP200
2001-08-30,585.75,588.5,584.2,585.0,NSE/CNXMIDCAP200
2001-08-31,585.2,585.55,581.7,582.1,NSE/CNXMIDCAP200
2001-09-03,584.65,585.65,582.55,583.6,NSE/CNXMIDCAP200
2001-09-04,583.85,584.8,581.65,582.6,NSE/CNXMIDCAP200
2001-09-05,582.8,584.35,579.35,580.55,NSE/CNXMIDCAP200
2001-09-06,580.95,584.4,576.25,576.25,NSE/CNXMIDCAP200
2001-09-07,576.05,576.3,572.75,575.25,NSE/CNXMIDCAP200
2001-09-10,575.4,578.95,575.4,576.0,NSE/CNXMIDCAP200
2001-09-11,576.05,579.1,572.6,572.65,NSE/CNXMIDCAP200
2001-09-12,566.95,566.95,546.65,553.3,NSE/CNXMIDCAP200
2001-09-13,553.45,557.95,552.7,553.7,NSE/CNXMIDCAP200
2001-09-14,553.6,553.6,521.5,525.7,NSE/CNXMIDCAP200
2001-09-17,524.6,524.6,488.8,491.95,NSE/CNXMIDCAP200
2001-09-18,492.05,512.75,490.7,509.4,NSE/CNXMIDCAP200
2001-09-19,509.4,519.6,509.4,518.35,NSE/CNXMIDCAP200
2001-09-20,518.0,518.0,505.25,513.45,NSE/CNXMIDCAP200
2001-09-21,512.8,512.8,504.05,508.0,NSE/CNXMIDCAP200
2001-09-24,507.9,517.75,507.9,517.1,NSE/CNXMIDCAP200
2001-09-25,517.7,524.3,512.9,513.6,NSE/CNXMIDCAP200
2001-09-26,513.6,515.8,511.65,515.65,NSE/CNXMIDCAP200
2001-09-27,515.35,521.45,513.7,520.8,NSE/CNXMIDCAP200
2001-09-28,520.65,531.45,520.65,529.35,NSE/CNXMIDCAP200
2001-10-01,529.35,530.25,522.85,523.3,NSE/CNXMIDCAP200
2001-10-03,522.95,523.45,517.75,517.75,NSE/CNXMIDCAP200
2001-10-04,518.05,522.55,518.05,519.9,NSE/CNXMIDCAP200
2001-10-05,520.2,522.75,519.6,520.35,NSE/CNXMIDCAP200
2001-10-08,520.45,520.45,510.45,515.85,NSE/CNXMIDCAP200
2001-10-09,516.9,521.35,516.6,520.95,NSE/CNXMIDCAP200
2001-10-10,521.5,525.7,521.35,525.7,NSE/CNXMIDCAP200
2001-10-11,526.85,532.2,526.55,529.7,NSE/CNXMIDCAP200
2001-10-12,529.8,535.15,528.9,529.4,NSE/CNXMIDCAP200
2001-10-15,530.95,534.2,530.95,532.6,NSE/CNXMIDCAP200
2001-10-16,533.35,538.7,533.15,538.5,NSE/CNXMIDCAP200
2001-10-17,539.4,545.8,539.4,543.45,NSE/CNXMIDCAP200
2001-10-18,543.9,545.25,541.8,543.35,NSE/CNXMIDCAP200
2001-10-19,544.2,546.4,544.2,546.0,NSE/CNXMIDCAP200
2001-10-22,545.95,558.55,545.8,554.5,NSE/CNXMIDCAP200
2001-10-23,555.45,562.15,555.45,559.15,NSE/CNXMIDCAP200
2001-10-24,560.15,564.05,559.2,561.6,NSE/CNXMIDCAP200
2001-10-25,562.25,564.0,560.85,563.65,NSE/CNXMIDCAP200
2001-10-29,563.95,568.4,563.95,565.0,NSE/CNXMIDCAP200
2001-10-30,564.6,564.6,557.85,558.65,NSE/CNXMIDCAP200
2001-10-31,559.0,560.85,557.0,559.95,NSE/CNXMIDCAP200
2001-11-01,560.05,564.5,560.05,563.85,NSE/CNXMIDCAP200
2001-11-02,564.15,570.75,564.15,566.55,NSE/CNXMIDCAP200
2001-11-05,568.05,574.95,568.05,572.75,NSE/CNXMIDCAP200
2001-11-06,573.35,580.3,573.35,579.3,NSE/CNXMIDCAP200
2001-11-07,579.7,584.05,578.8,579.35,NSE/CNXMIDCAP200
2001-11-08,579.55,584.6,579.2,584.05,NSE/CNXMIDCAP200
2001-11-09,584.1,588.3,582.95,588.1,NSE/CNXMIDCAP200
2001-11-12,587.3,596.7,587.2,594.9,NSE/CNXMIDCAP200
2001-11-13,594.4,598.35,589.7,595.75,NSE/CNXMIDCAP200
2001-11-14,595.75,603.3,595.75,602.65,NSE/CNXMIDCAP200
2001-11-15,603.55,608.15,602.35,607.7,NSE/CNXMIDCAP200
2001-11-19,608.35,622.2,608.35,619.75,NSE/CNXMIDCAP200
2001-11-20,620.2,626.95,614.2,614.55,NSE/CNXMIDCAP200
2001-11-21,614.55,625.55,614.55,624.05,NSE/CNXMIDCAP200
2001-11-22,624.05,636.75,624.05,632.05,NSE/CNXMIDCAP200
2001-11-23,634.25,639.45,629.95,632.1,NSE/CNXMIDCAP200
2001-11-26,633.4,645.05,633.4,643.25,NSE/CNXMIDCAP200
2001-11-27,645.55,649.2,641.3,642.5,NSE/CNXMIDCAP200
2001-11-28,644.25,647.05,636.45,637.8,NSE/CNXMIDCAP200
2001-11-29,637.5,637.5,631.1,637.3,NSE/CNXMIDCAP200
2001-12-03,638.5,644.75,638.5,643.0,NSE/CNXMIDCAP200
2001-12-04,643.6,650.7,643.6,649.9,NSE/CNXMIDCAP200
2001-12-05,652.7,663.1,652.7,661.35,NSE/CNXMIDCAP200
2001-12-06,664.1,670.3,652.6,652.85,NSE/CNXMIDCAP200
2001-12-07,654.1,656.85,650.85,652.55,NSE/CNXMIDCAP200
2001-12-10,653.75,661.95,653.75,661.7,NSE/CNXMIDCAP200
2001-12-11,662.45,672.25,662.45,664.1,NSE/CNXMIDCAP200
2001-12-12,664.75,673.35,662.1,663.55,NSE/CNXMIDCAP200
2001-12-13,663.7,665.55,637.25,646.7,NSE/CNXMIDCAP200
2001-12-14,646.0,646.8,640.7,646.8,NSE/CNXMIDCAP200
2001-12-18,647.55,653.0,630.55,640.25,NSE/CNXMIDCAP200
2001-12-19,643.45,643.5,622.95,622.95,NSE/CNXMIDCAP200
2001-12-20,622.95,623.5,610.45,614.15,NSE/CNXMIDCAP200
2001-12-21,612.85,612.85,597.85,600.35,NSE/CNXMIDCAP200
2001-12-24,595.6,596.4,580.8,596.4,NSE/CNXMIDCAP200
2001-12-26,596.4,604.0,592.95,593.0,NSE/CNXMIDCAP200
2001-12-27,594.5,597.15,589.4,590.15,NSE/CNXMIDCAP200
2001-12-28,591.3,601.4,586.3,600.9,NSE/CNXMIDCAP200
2001-12-31,601.45,619.9,601.45,619.55,NSE/CNXMIDCAP200
2002-01-01,620.95,628.45,613.75,615.8,NSE/CNXMIDCAP200
2002-01-02,615.95,620.65,615.2,618.45,NSE/CNXMIDCAP200
2002-01-03,619.85,625.9,619.85,625.35,NSE/CNXMIDCAP200
2002-01-04,627.25,633.4,627.25,630.55,NSE/CNXMIDCAP200
2002-01-07,631.35,639.95,631.35,634.65,NSE/CNXMIDCAP200
2002-01-08,634.85,636.7,629.15,631.65,NSE/CNXMIDCAP200
2002-01-09,633.15,635.9,621.1,622.65,NSE/CNXMIDCAP200
2002-01-10,622.25,629.35,622.2,623.7,NSE/CNXMIDCAP200
2002-01-11,623.55,627.65,610.8,616.35,NSE/CNXMIDCAP200
2002-01-14,621.0,634.25,621.0,631.75,NSE/CNXMIDCAP200
2002-01-15,632.3,634.7,627.05,627.95,NSE/CNXMIDCAP200
2002-01-16,630.1,632.4,626.8,630.4,NSE/CNXMIDCAP200
2002-01-17,629.1,640.6,627.35,640.6,NSE/CNXMIDCAP200
2002-01-18,641.6,646.4,640.25,641.0,NSE/CNXMIDCAP200
2002-01-21,642.5,649.65,642.5,645.0,NSE/CNXMIDCAP200
2002-01-22,645.15,649.8,643.65,644.75,NSE/CNXMIDCAP200
2002-01-23,644.7,648.9,642.1,643.65,NSE/CNXMIDCAP200
2002-01-24,643.35,647.4,634.6,635.5,NSE/CNXMIDCAP200
2002-01-25,636.1,636.8,631.95,636.05,NSE/CNXMIDCAP200
2002-01-28,636.6,639.5,632.3,632.35,NSE/CNXMIDCAP200
2002-01-29,633.05,637.4,632.9,634.1,NSE/CNXMIDCAP200
2002-01-30,632.0,632.0,627.2,628.65,NSE/CNXMIDCAP200
2002-01-31,628.9,636.4,628.9,635.1,NSE/CNXMIDCAP200
2002-02-01,637.1,644.45,637.1,640.8,NSE/CNXMIDCAP200
2002-02-04,644.2,651.1,644.2,647.85,NSE/CNXMIDCAP200
2002-02-05,648.5,652.15,647.9,652.1,NSE/CNXMIDCAP200
2002-02-06,657.7,681.9,657.7,678.6,NSE/CNXMIDCAP200
2002-02-07,684.15,687.2,665.75,667.35,NSE/CNXMIDCAP200
2002-02-08,667.6,683.2,667.6,683.2,NSE/CNXMIDCAP200
2002-02-11,690.3,702.2,690.3,696.3,NSE/CNXMIDCAP200
2002-02-12,701.3,707.75,697.45,699.65,NSE/CNXMIDCAP200
2002-02-13,701.75,707.25,701.75,704.55,NSE/CNXMIDCAP200
2002-02-14,707.1,713.95,707.1,713.1,NSE/CNXMIDCAP200
2002-02-15,715.55,725.2,715.55,719.15,NSE/CNXMIDCAP200
2002-02-18,723.0,730.95,717.55,722.15,NSE/CNXMIDCAP200
2002-02-19,724.95,725.8,711.1,711.8,NSE/CNXMIDCAP200
2002-02-20,710.55,714.1,706.6,708.35,NSE/CNXMIDCAP200
2002-02-21,712.45,721.4,712.45,718.0,NSE/CNXMIDCAP200
2002-02-22,718.65,725.3,717.8,723.0,NSE/CNXMIDCAP200
2002-02-25,723.8,731.7,723.8,728.05,NSE/CNXMIDCAP200
2002-02-26,730.0,740.6,730.0,739.25,NSE/CNXMIDCAP200
2002-02-27,742.35,749.6,731.2,731.7,NSE/CNXMIDCAP200
2002-02-28,735.15,744.45,689.5,691.85,NSE/CNXMIDCAP200
2002-03-01,691.85,710.65,690.75,710.65,NSE/CNXMIDCAP200
2002-03-04,716.35,725.4,716.35,723.05,NSE/CNXMIDCAP200
2002-03-05,725.7,731.1,721.6,723.55,NSE/CNXMIDCAP200
2002-03-06,725.05,730.75,720.05,721.55,NSE/CNXMIDCAP200
2002-03-07,725.4,728.4,724.9,725.55,NSE/CNXMIDCAP200
2002-03-08,728.85,730.15,725.4,726.1,NSE/CNXMIDCAP200
2002-03-11,728.95,730.55,718.8,720.05,NSE/CNXMIDCAP200
2002-03-12,721.3,721.3,709.65,710.8,NSE/CNXMIDCAP200
2002-03-13,711.1,720.5,710.2,716.65,NSE/CNXMIDCAP200
2002-03-14,716.85,724.4,716.85,720.2,NSE/CNXMIDCAP200
2002-03-15,721.9,735.6,721.9,734.25,NSE/CNXMIDCAP200
2002-03-18,737.65,750.85,737.65,743.9,NSE/CNXMIDCAP200
2002-03-19,745.85,748.55,731.05,732.7,NSE/CNXMIDCAP200
2002-03-20,733.35,737.0,728.25,730.95,NSE/CNXMIDCAP200
2002-03-21,731.8,738.0,731.8,733.6,NSE/CNXMIDCAP200
2002-03-22,735.55,740.05,730.4,731.0,NSE/CNXMIDCAP200
2002-03-26,732.15,733.65,726.5,728.1,NSE/CNXMIDCAP200
2002-03-27,728.5,734.1,727.25,728.45,NSE/CNXMIDCAP200
2002-03-28,730.45,737.85,730.45,736.4,NSE/CNXMIDCAP200
2002-04-01,739.75,750.9,739.75,749.75,NSE/CNXMIDCAP200
2002-04-02,750.2,758.95,748.05,749.55,NSE/CNXMIDCAP200
2002-04-03,749.0,750.75,745.0,747.8,NSE/CNXMIDCAP200
2002-04-04,750.7,762.7,750.7,758.9,NSE/CNXMIDCAP200
2002-04-05,763.3,771.2,763.3,769.2,NSE/CNXMIDCAP200
2002-04-08,774.1,778.85,772.0,772.65,NSE/CNXMIDCAP200
2002-04-09,775.7,777.95,769.3,775.25,NSE/CNXMIDCAP200
2002-04-10,778.15,786.6,774.95,786.2,NSE/CNXMIDCAP200
2002-04-11,790.15,798.45,790.15,796.35,NSE/CNXMIDCAP200
2002-04-12,797.7,803.1,796.25,800.35,NSE/CNXMIDCAP200
2002-04-15,802.05,807.65,794.2,795.6,NSE/CNXMIDCAP200
2002-04-16,793.95,798.25,789.15,790.25,NSE/CNXMIDCAP200
2002-04-17,793.6,803.75,793.6,801.1,NSE/CNXMIDCAP200
2002-04-18,805.55,810.95,804.55,808.15,NSE/CNXMIDCAP200
2002-04-19,810.7,812.25,794.2,795.8,NSE/CNXMIDCAP200
2002-04-22,796.85,799.0,787.85,791.75,NSE/CNXMIDCAP200
2002-04-23,793.25,801.0,793.25,797.7,NSE/CNXMIDCAP200
2002-04-24,799.75,805.9,799.75,804.15,NSE/CNXMIDCAP200
2002-04-25,806.7,808.65,799.55,800.2,NSE/CNXMIDCAP200
2002-04-26,803.4,810.6,799.75,801.3,NSE/CNXMIDCAP200
2002-04-29,802.25,805.2,798.9,800.75,NSE/CNXMIDCAP200
2002-04-30,802.95,812.3,802.95,811.25,NSE/CNXMIDCAP200
2002-05-02,814.25,821.75,814.25,817.4,NSE/CNXMIDCAP200
2002-05-03,818.6,821.05,815.8,818.7,NSE/CNXMIDCAP200
2002-05-06,821.35,826.35,821.35,825.7,NSE/CNXMIDCAP200
2002-05-07,825.3,832.3,825.3,828.4,NSE/CNXMIDCAP200
2002-05-08,832.1,836.6,829.2,830.85,NSE/CNXMIDCAP200
2002-05-09,836.65,839.85,831.4,833.4,NSE/CNXMIDCAP200
2002-05-10,832.65,835.3,824.5,826.25,NSE/CNXMIDCAP200
2002-05-13,826.05,832.55,826.05,828.85,NSE/CNXMIDCAP200
2002-05-14,831.6,833.2,825.3,826.75,NSE/CNXMIDCAP200
2002-05-15,829.4,831.15,808.5,810.85,NSE/CNXMIDCAP200
2002-05-16,812.75,814.3,799.5,803.75,NSE/CNXMIDCAP200
2002-05-17,803.95,805.5,786.95,794.65,NSE/CNXMIDCAP200
2002-05-20,796.0,796.0,764.35,768.65,NSE/CNXMIDCAP200
2002-05-21,763.85,763.85,724.75,741.6,NSE/CNXMIDCAP200
2002-05-22,739.4,757.15,734.15,752.5,NSE/CNXMIDCAP200
2002-05-23,755.8,758.5,749.5,750.75,NSE/CNXMIDCAP200
2002-05-24,756.75,790.05,756.75,788.2,NSE/CNXMIDCAP200
2002-05-27,791.8,799.15,782.6,788.6,NSE/CNXMIDCAP200
2002-05-28,785.85,785.85,763.9,765.7,NSE/CNXMIDCAP200
2002-05-29,769.45,778.05,763.9,776.65,NSE/CNXMIDCAP200
2002-05-30,777.6,788.7,766.35,767.85,NSE/CNXMIDCAP200
2002-05-31,769.3,771.05,758.9,764.3,NSE/CNXMIDCAP200
2002-06-03,766.45,781.9,766.45,777.6,NSE/CNXMIDCAP200
2002-06-04,777.1,788.8,776.3,788.3,NSE/CNXMIDCAP200
2002-06-05,790.95,804.65,790.95,802.65,NSE/CNXMIDCAP200
2002-06-06,805.85,809.8,790.9,796.75,NSE/CNXMIDCAP200
2002-06-07,795.2,796.8,779.75,781.1,NSE/CNXMIDCAP200
2002-06-10,784.65,805.35,784.65,802.85,NSE/CNXMIDCAP200
2002-06-11,806.75,829.55,806.75,827.95,NSE/CNXMIDCAP200
2002-06-12,828.35,838.15,827.6,829.6,NSE/CNXMIDCAP200
2002-06-13,831.9,840.75,830.6,831.75,NSE/CNXMIDCAP200
2002-06-14,832.1,840.5,831.85,839.3,NSE/CNXMIDCAP200
2002-06-17,847.35,855.6,847.35,851.45,NSE/CNXMIDCAP200
2002-06-18,858.75,860.55,842.75,843.95,NSE/CNXMIDCAP200
2002-06-19,844.95,847.85,826.15,830.0,NSE/CNXMIDCAP200
2002-06-20,829.45,838.55,827.45,836.75,NSE/CNXMIDCAP200
2002-06-21,839.3,843.95,832.8,835.05,NSE/CNXMIDCAP200
2002-06-24,836.05,838.55,832.95,833.8,NSE/CNXMIDCAP200
2002-06-25,836.9,839.85,827.5,832.75,NSE/CNXMIDCAP200
2002-06-26,832.6,832.6,812.4,814.05,NSE/CNXMIDCAP200
2002-06-27,819.65,827.1,819.65,825.5,NSE/CNXMIDCAP200
2002-06-28,825.95,836.25,825.95,832.85,NSE/CNXMIDCAP200
2002-07-01,835.55,847.4,835.55,846.3,NSE/CNXMIDCAP200
2002-07-02,846.25,851.7,844.4,846.1,NSE/CNXMIDCAP200
2002-07-03,847.35,853.0,846.95,850.1,NSE/CNXMIDCAP200
2002-07-04,851.6,861.45,851.6,856.6,NSE/CNXMIDCAP200
2002-07-05,858.35,867.6,858.35,866.15,NSE/CNXMIDCAP200
2002-07-08,870.6,884.15,870.6,878.4,NSE/CNXMIDCAP200
2002-07-09,879.8,883.35,873.3,874.05,NSE/CNXMIDCAP200
2002-07-10,874.6,879.1,862.25,862.75,NSE/CNXMIDCAP200
2002-07-11,862.6,862.6,846.95,848.7,NSE/CNXMIDCAP200
2002-07-12,851.35,859.75,847.7,850.8,NSE/CNXMIDCAP200
2002-07-15,851.05,851.15,827.65,831.2,NSE/CNXMIDCAP200
2002-07-16,831.25,837.9,822.6,824.4,NSE/CNXMIDCAP200
2002-07-17,824.7,827.05,804.85,810.95,NSE/CNXMIDCAP200
2002-07-18,813.7,826.6,813.7,825.75,NSE/CNXMIDCAP200
2002-07-19,823.85,826.15,819.65,821.3,NSE/CNXMIDCAP200
2002-07-22,812.0,812.0,791.05,793.1,NSE/CNXMIDCAP200
2002-07-23,788.95,803.4,787.45,802.45,NSE/CNXMIDCAP200
2002-07-24,799.5,800.9,787.25,787.9,NSE/CNXMIDCAP200
2002-07-25,794.65,805.7,785.55,788.85,NSE/CNXMIDCAP200
2002-07-26,785.35,785.35,761.75,762.75,NSE/CNXMIDCAP200
2002-07-29,765.3,767.45,730.25,744.1,NSE/CNXMIDCAP200
2002-07-30,749.35,756.8,723.75,727.65,NSE/CNXMIDCAP200
2002-07-31,725.15,731.35,705.9,727.0,NSE/CNXMIDCAP200
2002-08-01,728.9,740.9,723.95,725.95,NSE/CNXMIDCAP200
2002-08-02,721.5,726.0,715.25,723.85,NSE/CNXMIDCAP200
2002-08-05,725.6,738.7,725.6,736.75,NSE/CNXMIDCAP200
2002-08-06,735.1,742.3,732.25,741.4,NSE/CNXMIDCAP200
2002-08-07,745.65,753.3,744.9,745.8,NSE/CNXMIDCAP200
2002-08-08,747.15,747.55,728.0,729.3,NSE/CNXMIDCAP200
2002-08-09,731.2,735.2,725.1,733.5,NSE/CNXMIDCAP200
2002-08-12,734.45,739.6,733.95,738.25,NSE/CNXMIDCAP200
2002-08-13,740.0,743.0,738.8,739.3,NSE/CNXMIDCAP200
2002-08-14,739.0,742.45,735.25,736.25,NSE/CNXMIDCAP200
2002-08-16,739.45,742.3,735.75,736.9,NSE/CNXMIDCAP200
2002-08-19,739.25,741.25,735.45,735.85,NSE/CNXMIDCAP200
2002-08-20,736.2,744.25,736.2,743.55,NSE/CNXMIDCAP200
2002-08-21,744.25,750.2,743.1,743.45,NSE/CNXMIDCAP200
2002-08-22,744.35,747.3,740.95,741.75,NSE/CNXMIDCAP200
2002-08-23,742.25,745.35,741.3,743.25,NSE/CNXMIDCAP200
2002-08-26,742.05,746.7,742.05,743.05,NSE/CNXMIDCAP200
2002-08-27,743.0,746.85,733.7,734.2,NSE/CNXMIDCAP200
2002-08-28,733.15,736.05,731.45,732.4,NSE/CNXMIDCAP200
2002-08-29,730.75,732.65,727.0,727.9,NSE/CNXMIDCAP200
2002-08-30,729.2,736.45,728.45,735.55,NSE/CNXMIDCAP200
2002-09-02,738.45,747.6,738.45,742.65,NSE/CNXMIDCAP200
2002-09-03,743.2,744.4,737.4,738.15,NSE/CNXMIDCAP200
2002-09-04,735.3,740.9,733.6,740.15,NSE/CNXMIDCAP200
2002-09-05,742.35,745.4,739.35,740.2,NSE/CNXMIDCAP200
2002-09-06,739.6,739.6,731.65,733.15,NSE/CNXMIDCAP200
2002-09-09,731.85,731.85,721.2,722.9,NSE/CNXMIDCAP200
2002-09-11,724.0,729.85,724.0,728.7,NSE/CNXMIDCAP200
2002-09-12,729.7,733.65,729.7,732.25,NSE/CNXMIDCAP200
2002-09-13,732.25,735.5,729.4,730.55,NSE/CNXMIDCAP200
2002-09-16,732.9,734.35,718.9,719.85,NSE/CNXMIDCAP200
2002-09-17,721.65,726.35,721.45,723.65,NSE/CNXMIDCAP200
2002-09-18,722.85,724.1,714.3,714.85,NSE/CNXMIDCAP200
2002-09-19,715.75,716.4,703.05,706.45,NSE/CNXMIDCAP200
2002-09-20,703.3,706.95,698.65,705.65,NSE/CNXMIDCAP200
2002-09-23,708.6,709.15,703.65,704.55,NSE/CNXMIDCAP200
2002-09-24,706.2,706.2,695.1,695.8,NSE/CNXMIDCAP200
2002-09-25,693.45,697.9,692.8,697.4,NSE/CNXMIDCAP200
2002-09-26,699.15,702.5,699.1,699.55,NSE/CNXMIDCAP200
2002-09-27,698.55,705.7,698.55,704.7,NSE/CNXMIDCAP200
2002-09-30,704.65,705.3,693.3,694.9,NSE/CNXMIDCAP200
2002-10-01,694.15,697.15,686.7,688.35,NSE/CNXMIDCAP200
2002-10-03,689.45,692.2,685.05,685.45,NSE/CNXMIDCAP200
2002-10-04,686.6,689.15,684.65,686.2,NSE/CNXMIDCAP200
2002-10-07,686.4,697.25,686.4,696.0,NSE/CNXMIDCAP200
2002-10-08,696.85,700.95,696.15,699.35,NSE/CNXMIDCAP200
2002-10-09,701.1,704.35,695.45,696.1,NSE/CNXMIDCAP200
2002-10-10,696.9,698.3,688.85,693.8,NSE/CNXMIDCAP200
2002-10-11,696.4,699.5,696.4,697.05,NSE/CNXMIDCAP200
2002-10-14,697.45,700.25,695.15,695.65,NSE/CNXMIDCAP200
2002-10-16,698.05,701.05,690.55,691.25,NSE/CNXMIDCAP200
2002-10-17,691.5,692.75,688.3,691.65,NSE/CNXMIDCAP200
2002-10-18,693.6,699.3,693.45,694.35,NSE/CNXMIDCAP200
2002-10-21,695.4,697.4,693.65,694.15,NSE/CNXMIDCAP200
2002-10-22,697.6,697.6,686.55,687.4,NSE/CNXMIDCAP200
2002-10-23,688.8,688.8,682.35,682.55,NSE/CNXMIDCAP200
2002-10-24,683.0,683.25,677.85,678.55,NSE/CNXMIDCAP200
2002-10-25,678.4,678.4,669.1,670.5,NSE/CNXMIDCAP200
2002-10-28,670.8,671.3,662.6,663.15,NSE/CNXMIDCAP200
2002-10-29,662.8,670.5,662.8,669.65,NSE/CNXMIDCAP200
2002-10-30,669.75,675.7,669.75,673.7,NSE/CNXMIDCAP200
2002-10-31,675.45,676.3,673.45,675.5,NSE/CNXMIDCAP200
2002-11-01,676.85,679.35,672.9,673.6,NSE/CNXMIDCAP200
2002-11-04,674.75,679.5,674.75,679.35,NSE/CNXMIDCAP200
2002-11-05,679.9,679.9,674.75,675.2,NSE/CNXMIDCAP200
2002-11-07,675.85,679.2,674.9,675.3,NSE/CNXMIDCAP200
2002-11-08,675.95,676.3,672.95,674.5,NSE/CNXMIDCAP200
2002-11-11,674.25,674.8,669.45,670.5,NSE/CNXMIDCAP200
2002-11-12,670.2,671.2,666.05,667.9,NSE/CNXMIDCAP200
2002-11-13,668.8,673.65,668.6,669.0,NSE/CNXMIDCAP200
2002-11-14,668.75,672.2,668.75,669.6,NSE/CNXMIDCAP200
2002-11-15,672.0,674.4,672.0,673.05,NSE/CNXMIDCAP200
2002-11-18,675.7,679.6,674.75,678.55,NSE/CNXMIDCAP200
2002-11-20,679.4,684.45,679.4,682.9,NSE/CNXMIDCAP200
2002-11-21,687.65,691.1,687.05,687.65,NSE/CNXMIDCAP200
2002-11-22,689.95,696.85,689.95,692.55,NSE/CNXMIDCAP200
2002-11-25,693.65,701.1,693.65,699.6,NSE/CNXMIDCAP200
2002-11-26,701.5,705.95,701.5,703.85,NSE/CNXMIDCAP200
2002-11-27,703.8,707.45,701.7,702.7,NSE/CNXMIDCAP200
2002-11-28,704.95,710.85,704.95,709.55,NSE/CNXMIDCAP200
2002-11-29,710.45,722.05,708.95,720.6,NSE/CNXMIDCAP200
2002-12-02,725.15,742.15,725.15,739.45,NSE/CNXMIDCAP200
2002-12-03,740.0,743.8,725.35,726.9,NSE/CNXMIDCAP200
2002-12-04,725.8,725.8,718.2,718.75,NSE/CNXMIDCAP200
2002-12-05,720.15,729.95,720.15,728.35,NSE/CNXMIDCAP200
2002-12-06,736.8,742.3,735.85,741.85,NSE/CNXMIDCAP200
2002-12-09,744.75,752.35,734.1,735.75,NSE/CNXMIDCAP200
2002-12-10,734.0,736.65,729.0,735.65,NSE/CNXMIDCAP200
2002-12-11,741.5,743.65,736.5,739.0,NSE/CNXMIDCAP200
2002-12-12,741.8,747.9,739.85,744.95,NSE/CNXMIDCAP200
2002-12-13,748.05,755.75,748.05,754.85,NSE/CNXMIDCAP200
2002-12-16,757.05,763.3,748.4,749.75,NSE/CNXMIDCAP200
2002-12-17,750.4,751.1,737.15,742.65,NSE/CNXMIDCAP200
2002-12-18,742.75,749.8,742.75,748.55,NSE/CNXMIDCAP200
2002-12-19,747.7,754.4,745.2,750.05,NSE/CNXMIDCAP200
2002-12-20,750.85,756.7,750.0,752.9,NSE/CNXMIDCAP200
2002-12-23,754.15,755.3,747.35,747.75,NSE/CNXMIDCAP200
2002-12-24,748.65,753.0,747.7,752.15,NSE/CNXMIDCAP200
2002-12-26,754.25,759.7,754.25,755.9,NSE/CNXMIDCAP200
2002-12-27,756.9,760.4,756.8,757.85,NSE/CNXMIDCAP200
2002-12-30,755.9,757.85,752.8,756.9,NSE/CNXMIDCAP200
2002-12-31,757.9,764.65,757.9,760.6,NSE/CNXMIDCAP200
2003-01-01,762.45,765.95,762.45,764.65,NSE/CNXMIDCAP200
2003-01-02,766.6,768.95,757.7,758.45,NSE/CNXMIDCAP200
2003-01-03,761.6,763.4,755.45,756.2,NSE/CNXMIDCAP200
2003-01-06,758.45,760.0,749.6,750.2,NSE/CNXMIDCAP200
2003-01-07,752.95,755.2,747.15,749.0,NSE/CNXMIDCAP200
2003-01-08,752.35,759.75,752.35,758.6,NSE/CNXMIDCAP200
2003-01-09,759.2,768.9,759.2,768.05,NSE/CNXMIDCAP200
2003-01-10,769.35,771.3,762.5,763.55,NSE/CNXMIDCAP200
2003-01-13,763.6,767.8,760.8,764.8,NSE/CNXMIDCAP200
2003-01-14,766.95,772.25,766.95,769.0,NSE/CNXMIDCAP200
2003-01-15,771.4,776.55,771.2,772.7,NSE/CNXMIDCAP200
2003-01-16,773.35,779.9,773.35,778.6,NSE/CNXMIDCAP200
2003-01-17,778.7,783.1,777.8,780.2,NSE/CNXMIDCAP200
2003-01-20,780.8,784.1,778.3,778.6,NSE/CNXMIDCAP200
2003-01-21,779.75,785.9,778.4,780.5,NSE/CNXMIDCAP200
2003-01-22,782.8,786.2,780.8,781.75,NSE/CNXMIDCAP200
2003-01-23,782.15,783.0,773.85,775.05,NSE/CNXMIDCAP200
2003-01-24,775.45,778.75,753.15,754.55,NSE/CNXMIDCAP200
2003-01-27,757.25,757.25,727.1,729.75,NSE/CNXMIDCAP200
2003-01-28,729.5,739.9,725.95,738.65,NSE/CNXMIDCAP200
2003-01-29,739.0,748.0,738.05,739.15,NSE/CNXMIDCAP200
2003-01-30,740.4,744.2,735.95,737.25,NSE/CNXMIDCAP200
2003-01-31,737.45,737.45,731.25,734.7,NSE/CNXMIDCAP200
2003-02-03,736.2,748.7,736.2,747.95,NSE/CNXMIDCAP200
2003-02-04,750.15,756.3,748.35,749.05,NSE/CNXMIDCAP200
2003-02-05,747.95,749.95,740.95,742.7,NSE/CNXMIDCAP200
2003-02-06,743.1,748.9,741.2,748.1,NSE/CNXMIDCAP200
2003-02-07,750.3,752.5,746.35,747.25,NSE/CNXMIDCAP200
2003-02-10,747.7,748.75,734.85,735.8,NSE/CNXMIDCAP200
2003-02-11,738.7,740.45,732.5,733.1,NSE/CNXMIDCAP200
2003-02-12,734.4,734.7,727.55,728.4,NSE/CNXMIDCAP200
2003-02-14,729.35,729.35,716.5,717.35,NSE/CNXMIDCAP200
2003-02-17,725.35,740.1,725.35,738.9,NSE/CNXMIDCAP200
2003-02-18,741.85,746.6,741.85,742.6,NSE/CNXMIDCAP200
2003-02-19,743.2,750.55,743.2,748.45,NSE/CNXMIDCAP200
2003-02-20,749.55,752.05,744.2,747.7,NSE/CNXMIDCAP200
2003-02-21,747.1,749.65,745.25,746.8,NSE/CNXMIDCAP200
2003-02-24,750.1,754.2,750.1,751.6,NSE/CNXMIDCAP200
2003-02-25,750.9,750.9,741.35,741.95,NSE/CNXMIDCAP200
2003-02-26,745.35,745.75,736.35,736.7,NSE/CNXMIDCAP200
2003-02-27,738.15,747.0,736.45,744.7,NSE/CNXMIDCAP200
2003-02-28,748.35,755.2,742.2,744.3,NSE/CNXMIDCAP200
2003-03-03,752.0,754.55,744.35,745.0,NSE/CNXMIDCAP200
2003-03-04,746.75,746.75,733.85,734.2,NSE/CNXMIDCAP200
2003-03-05,734.6,734.6,720.3,727.6,NSE/CNXMIDCAP200
2003-03-06,728.15,729.45,722.0,723.4,NSE/CNXMIDCAP200
2003-03-07,720.4,720.4,707.35,708.8,NSE/CNXMIDCAP200
2003-03-10,709.6,711.7,696.0,697.1,NSE/CNXMIDCAP200
2003-03-11,692.75,700.0,688.5,698.85,NSE/CNXMIDCAP200
2003-03-12,699.2,707.65,697.0,697.55,NSE/CNXMIDCAP200
2003-03-13,698.45,699.15,692.0,694.7,NSE/CNXMIDCAP200
2003-03-17,691.35,691.35,683.7,688.8,NSE/CNXMIDCAP200
2003-03-19,692.0,696.45,689.4,690.25,NSE/CNXMIDCAP200
2003-03-20,690.2,700.95,686.35,699.4,NSE/CNXMIDCAP200
2003-03-21,700.65,706.15,700.35,703.95,NSE/CNXMIDCAP200
2003-03-22,706.4,710.15,706.4,709.2,NSE/CNXMIDCAP200
2003-03-24,709.45,709.45,693.65,694.35,NSE/CNXMIDCAP200
2003-03-25,690.25,691.65,685.35,690.6,NSE/CNXMIDCAP200
2003-03-26,691.4,698.75,688.2,689.4,NSE/CNXMIDCAP200
2003-03-27,689.7,691.4,686.75,687.1,NSE/CNXMIDCAP200
2003-03-28,687.5,691.8,684.45,685.5,NSE/CNXMIDCAP200
2003-03-31,684.85,684.85,667.5,668.8,NSE/CNXMIDCAP200
2003-04-01,668.9,678.95,668.9,676.0,NSE/CNXMIDCAP200
2003-04-02,676.4,691.1,676.4,689.65,NSE/CNXMIDCAP200
2003-04-03,694.45,700.75,694.45,700.35,NSE/CNXMIDCAP200
2003-04-04,700.25,715.55,700.15,714.7,NSE/CNXMIDCAP200
2003-04-07,718.0,731.0,718.0,729.85,NSE/CNXMIDCAP200
2003-04-08,728.25,733.5,725.25,730.95,NSE/CNXMIDCAP200
2003-04-09,730.2,732.15,723.5,724.65,NSE/CNXMIDCAP200
2003-04-10,722.1,722.2,702.7,703.95,NSE/CNXMIDCAP200
2003-04-11,704.2,713.9,699.25,706.9,NSE/CNXMIDCAP200
2003-04-15,710.8,716.9,705.6,712.75,NSE/CNXMIDCAP200
2003-04-16,713.95,715.75,713.0,714.15,NSE/CNXMIDCAP200
2003-04-17,712.75,713.2,705.8,707.55,NSE/CNXMIDCAP200
2003-04-21,707.15,720.2,707.15,719.65,NSE/CNXMIDCAP200
2003-04-22,718.05,724.05,718.05,720.8,NSE/CNXMIDCAP200
2003-04-23,723.3,725.5,715.75,716.9,NSE/CNXMIDCAP200
2003-04-24,716.5,721.35,715.4,716.15,NSE/CNXMIDCAP200
2003-04-25,716.4,719.2,714.15,714.9,NSE/CNXMIDCAP200
2003-04-28,716.8,723.75,716.65,722.55,NSE/CNXMIDCAP200
2003-04-29,724.25,727.5,721.0,721.95,NSE/CNXMIDCAP200
2003-04-30,723.25,727.45,723.25,725.65,NSE/CNXMIDCAP200
2003-05-02,729.85,743.55,729.85,742.8,NSE/CNXMIDCAP200
2003-05-05,749.85,762.4,749.7,760.5,NSE/CNXMIDCAP200
2003-05-06,762.2,770.15,762.2,764.95,NSE/CNXMIDCAP200
2003-05-07,767.15,770.7,760.7,761.25,NSE/CNXMIDCAP200
2003-05-08,762.5,765.0,758.1,759.95,NSE/CNXMIDCAP200
2003-05-09,758.55,764.65,758.55,763.2,NSE/CNXMIDCAP200
2003-05-12,764.65,776.05,764.65,773.6,NSE/CNXMIDCAP200
2003-05-13,775.6,788.8,775.6,787.55,NSE/CNXMIDCAP200
2003-05-14,789.3,800.0,789.3,797.55,NSE/CNXMIDCAP200
2003-05-15,799.45,813.5,799.45,812.5,NSE/CNXMIDCAP200
2003-05-16,814.3,824.15,809.65,817.1,NSE/CNXMIDCAP200
2003-05-19,818.25,824.0,809.95,810.95,NSE/CNXMIDCAP200
2003-05-20,808.15,821.3,806.6,819.5,NSE/CNXMIDCAP200
2003-05-21,823.3,835.6,823.3,830.4,NSE/CNXMIDCAP200
2003-05-22,832.1,841.85,832.1,836.1,NSE/CNXMIDCAP200
2003-05-23,841.85,846.3,840.15,844.6,NSE/CNXMIDCAP200
2003-05-26,847.1,862.0,845.25,860.85,NSE/CNXMIDCAP200
2003-05-27,863.3,873.4,857.75,858.05,NSE/CNXMIDCAP200
2003-05-28,862.7,865.8,856.55,864.65,NSE/CNXMIDCAP200
2003-05-29,867.4,881.95,867.25,876.45,NSE/CNXMIDCAP200
2003-05-30,879.75,895.3,879.75,887.85,NSE/CNXMIDCAP200
2003-06-02,878.2,890.9,872.9,880.3,NSE/CNXMIDCAP200
2003-06-03,882.2,888.7,878.4,883.2,NSE/CNXMIDCAP200
2003-06-04,886.25,899.55,886.25,895.0,NSE/CNXMIDCAP200
2003-06-05,900.3,907.0,888.15,890.65,NSE/CNXMIDCAP200
2003-06-06,891.2,896.35,888.2,891.95,NSE/CNXMIDCAP200
2003-06-09,893.85,907.7,893.85,906.35,NSE/CNXMIDCAP200
2003-06-10,905.85,912.0,888.55,889.95,NSE/CNXMIDCAP200
2003-06-11,891.95,903.9,891.45,898.4,NSE/CNXMIDCAP200
2003-06-12,904.05,914.7,904.05,907.6,NSE/CNXMIDCAP200
2003-06-13,909.6,911.6,902.1,903.2,NSE/CNXMIDCAP200
2003-06-16,903.25,905.6,896.9,900.6,NSE/CNXMIDCAP200
2003-06-17,904.1,917.6,904.1,915.25,NSE/CNXMIDCAP200
2003-06-18,916.45,924.8,914.05,915.3,NSE/CNXMIDCAP200
2003-06-19,917.95,925.75,915.15,919.1,NSE/CNXMIDCAP200
2003-06-20,918.9,926.05,918.9,924.6,NSE/CNXMIDCAP200
2003-06-23,929.55,937.65,921.45,922.25,NSE/CNXMIDCAP200
2003-06-24,920.2,929.3,920.2,927.95,NSE/CNXMIDCAP200
2003-06-25,932.7,944.05,932.7,942.4,NSE/CNXMIDCAP200
2003-06-26,946.8,951.3,945.05,946.3,NSE/CNXMIDCAP200
2003-06-27,948.9,960.65,942.65,959.55,NSE/CNXMIDCAP200
2003-06-30,963.9,983.6,963.9,976.3,NSE/CNXMIDCAP200
2003-07-01,979.1,987.15,972.7,981.55,NSE/CNXMIDCAP200
2003-07-02,982.45,1008.8,982.45,998.55,NSE/CNXMIDCAP200
2003-07-03,1007.3,1021.3,1002.85,1012.5,NSE/CNXMIDCAP200
2003-07-04,1017.8,1023.25,1010.9,1015.3,NSE/CNXMIDCAP200
2003-07-07,1022.2,1034.5,1019.4,1030.55,NSE/CNXMIDCAP200
2003-07-08,1038.7,1042.65,1022.1,1024.45,NSE/CNXMIDCAP200
2003-07-09,1025.55,1029.8,1001.95,1004.6,NSE/CNXMIDCAP200
2003-07-10,1005.7,1014.3,1005.7,1009.2,NSE/CNXMIDCAP200
2003-07-11,1012.75,1026.65,1012.75,1015.9,NSE/CNXMIDCAP200
2003-07-14,1023.8,1034.05,1023.8,1030.95,NSE/CNXMIDCAP200
2003-07-15,1030.8,1034.7,1001.35,1013.65,NSE/CNXMIDCAP200
2003-07-16,1016.55,1030.05,1010.8,1029.35,NSE/CNXMIDCAP200
2003-07-17,1031.7,1044.55,1010.5,1013.9,NSE/CNXMIDCAP200
2003-07-18,1009.4,1018.15,994.85,1003.4,NSE/CNXMIDCAP200
2003-07-21,1009.85,1014.0,988.3,990.6,NSE/CNXMIDCAP200
2003-07-22,989.25,991.15,973.4,975.05,NSE/CNXMIDCAP200
2003-07-23,981.15,993.6,978.7,984.8,NSE/CNXMIDCAP200
2003-07-24,987.75,1000.45,987.75,999.1,NSE/CNXMIDCAP200
2003-07-25,1003.05,1020.8,1003.05,1019.8,NSE/CNXMIDCAP200
2003-07-28,1025.75,1039.5,1025.75,1029.9,NSE/CNXMIDCAP200
2003-07-29,1031.1,1035.0,1021.2,1033.0,NSE/CNXMIDCAP200
2003-07-30,1033.45,1051.3,1033.45,1050.5,NSE/CNXMIDCAP200
2003-07-31,1053.95,1062.75,1045.8,1048.35,NSE/CNXMIDCAP200
2003-08-01,1050.8,1058.65,1043.85,1056.3,NSE/CNXMIDCAP200
2003-08-04,1056.25,1079.3,1054.05,1077.9,NSE/CNXMIDCAP200
2003-08-05,1079.15,1097.3,1056.1,1057.1,NSE/CNXMIDCAP200
2003-08-06,1053.35,1068.05,1045.9,1051.05,NSE/CNXMIDCAP200
2003-08-07,1051.3,1076.25,1051.3,1074.8,NSE/CNXMIDCAP200
2003-08-08,1078.9,1091.3,1078.9,1090.55,NSE/CNXMIDCAP200
2003-08-11,1088.85,1107.0,1088.85,1101.3,NSE/CNXMIDCAP200
2003-08-12,1110.05,1116.8,1099.8,1103.05,NSE/CNXMIDCAP200
2003-08-13,1109.15,1118.35,1101.8,1117.55,NSE/CNXMIDCAP200
2003-08-14,1119.95,1133.85,1119.8,1122.95,NSE/CNXMIDCAP200
2003-08-18,1124.65,1154.85,1124.65,1153.2,NSE/CNXMIDCAP200
2003-08-19,1170.2,1176.95,1131.3,1134.1,NSE/CNXMIDCAP200
2003-08-20,1140.4,1153.75,1137.25,1144.65,NSE/CNXMIDCAP200
2003-08-21,1149.55,1159.15,1145.3,1149.15,NSE/CNXMIDCAP200
2003-08-22,1153.85,1159.0,1137.9,1146.25,NSE/CNXMIDCAP200
2003-08-25,1155.25,1157.35,1081.75,1102.3,NSE/CNXMIDCAP200
2003-08-26,1103.65,1152.45,1103.65,1149.9,NSE/CNXMIDCAP200
2003-08-27,1151.75,1176.35,1151.75,1173.6,NSE/CNXMIDCAP200
2003-08-28,1182.95,1186.45,1170.8,1176.5,NSE/CNXMIDCAP200
2003-08-29,1182.05,1191.75,1178.1,1187.65,NSE/CNXMIDCAP200
2003-09-01,1191.2,1207.95,1191.2,1202.2,NSE/CNXMIDCAP200
2003-09-02,1207.85,1209.65,1185.55,1199.65,NSE/CNXMIDCAP200
2003-09-03,1204.35,1215.3,1178.15,1182.75,NSE/CNXMIDCAP200
2003-09-04,1187.15,1199.45,1175.4,1185.15,NSE/CNXMIDCAP200
2003-09-05,1185.75,1202.85,1185.75,1201.2,NSE/CNXMIDCAP200
2003-09-08,1206.05,1235.6,1206.05,1234.4,NSE/CNXMIDCAP200
2003-09-09,1240.3,1246.15,1218.75,1223.15,NSE/CNXMIDCAP200
2003-09-10,1221.8,1225.65,1206.5,1217.4,NSE/CNXMIDCAP200
2003-09-11,1217.05,1239.1,1217.05,1227.8,NSE/CNXMIDCAP200
2003-09-12,1235.95,1242.25,1205.55,1207.85,NSE/CNXMIDCAP200
2003-09-15,1211.45,1211.45,1173.0,1175.8,NSE/CNXMIDCAP200
2003-09-16,1176.05,1201.05,1157.55,1199.15,NSE/CNXMIDCAP200
2003-09-17,1209.9,1219.25,1191.45,1195.35,NSE/CNXMIDCAP200
2003-09-18,1196.6,1196.6,1155.3,1156.35,NSE/CNXMIDCAP200
2003-09-19,1159.0,1173.25,1133.95,1159.35,NSE/CNXMIDCAP200
2003-09-22,1167.0,1175.35,1157.5,1159.05,NSE/CNXMIDCAP200
2003-09-23,1158.8,1177.9,1150.75,1173.8,NSE/CNXMIDCAP200
2003-09-24,1176.55,1193.35,1172.25,1192.65,NSE/CNXMIDCAP200
2003-09-25,1191.9,1206.9,1185.0,1196.0,NSE/CNXMIDCAP200
2003-09-26,1198.0,1220.15,1198.0,1218.9,NSE/CNXMIDCAP200
2003-09-29,1224.0,1240.45,1224.0,1232.5,NSE/CNXMIDCAP200
2003-09-30,1237.7,1244.15,1235.3,1242.65,NSE/CNXMIDCAP200
2003-10-01,1244.85,1259.4,1242.45,1253.0,NSE/CNXMIDCAP200
2003-10-03,1261.2,1276.5,1261.2,1275.25,NSE/CNXMIDCAP200
2003-10-06,1285.15,1306.15,1285.15,1304.0,NSE/CNXMIDCAP200
2003-10-07,1314.8,1320.45,1296.95,1303.25,NSE/CNXMIDCAP200
2003-10-08,1311.6,1322.5,1299.05,1311.15,NSE/CNXMIDCAP200
2003-10-09,1317.05,1337.0,1317.05,1335.8,NSE/CNXMIDCAP200
2003-10-10,1338.7,1349.3,1334.1,1337.15,NSE/CNXMIDCAP200
2003-10-13,1339.5,1363.8,1339.5,1362.65,NSE/CNXMIDCAP200
2003-10-14,1371.05,1373.6,1330.6,1333.45,NSE/CNXMIDCAP200
2003-10-15,1333.55,1345.45,1319.4,1336.85,NSE/CNXMIDCAP200
2003-10-16,1340.8,1359.0,1340.8,1355.5,NSE/CNXMIDCAP200
2003-10-17,1359.45,1368.15,1354.0,1357.3,NSE/CNXMIDCAP200
2003-10-20,1364.1,1369.5,1335.2,1337.65,NSE/CNXMIDCAP200
2003-10-21,1342.35,1345.15,1300.3,1305.55,NSE/CNXMIDCAP200
2003-10-22,1315.75,1322.15,1284.75,1294.0,NSE/CNXMIDCAP200
2003-10-23,1297.8,1313.85,1283.05,1285.4,NSE/CNXMIDCAP200
2003-10-24,1290.95,1313.2,1264.6,1309.35,NSE/CNXMIDCAP200
2003-10-25,1320.35,1336.8,1320.35,1334.1,NSE/CNXMIDCAP200
2003-10-27,1334.55,1337.6,1311.2,1313.05,NSE/CNXMIDCAP200
2003-10-28,1314.35,1314.35,1292.3,1298.15,NSE/CNXMIDCAP200
2003-10-29,1307.05,1312.1,1293.9,1303.9,NSE/CNXMIDCAP200
2003-10-30,1309.5,1326.6,1304.0,1324.8,NSE/CNXMIDCAP200
2003-10-31,1329.5,1354.85,1329.5,1353.65,NSE/CNXMIDCAP200
2003-11-03,1357.45,1373.9,1357.45,1368.35,NSE/CNXMIDCAP200
2003-11-04,1370.0,1382.35,1367.7,1375.3,NSE/CNXMIDCAP200
2003-11-05,1378.6,1398.55,1374.25,1384.95,NSE/CNXMIDCAP200
2003-11-06,1394.95,1409.2,1394.95,1402.85,NSE/CNXMIDCAP200
2003-11-07,1407.1,1417.7,1397.7,1400.85,NSE/CNXMIDCAP200
2003-11-10,1403.25,1421.9,1397.15,1420.15,NSE/CNXMIDCAP200
2003-11-11,1425.2,1447.95,1425.2,1440.35,NSE/CNXMIDCAP200
2003-11-12,1451.0,1467.9,1451.0,1458.05,NSE/CNXMIDCAP200
2003-11-13,1468.4,1472.5,1424.0,1429.55,NSE/CNXMIDCAP200
2003-11-14,1430.95,1431.45,1398.05,1400.7,NSE/CNXMIDCAP200
2003-11-15,1401.25,1428.85,1394.05,1418.95,NSE/CNXMIDCAP200
2003-11-17,1426.6,1445.25,1422.0,1442.7,NSE/CNXMIDCAP200
2003-11-18,1445.0,1463.3,1438.4,1446.0,NSE/CNXMIDCAP200
2003-11-19,1446.95,1446.95,1422.3,1425.75,NSE/CNXMIDCAP200
2003-11-20,1428.05,1442.25,1398.5,1401.05,NSE/CNXMIDCAP200
2003-11-21,1400.7,1405.85,1372.5,1401.75,NSE/CNXMIDCAP200
2003-11-24,1406.7,1431.15,1406.7,1425.5,NSE/CNXMIDCAP200
2003-11-25,1430.6,1446.85,1430.6,1445.9,NSE/CNXMIDCAP200
2003-11-27,1455.6,1474.9,1455.6,1470.2,NSE/CNXMIDCAP200
2003-11-28,1475.45,1485.35,1473.95,1481.9,NSE/CNXMIDCAP200
2003-12-01,1492.7,1519.4,1492.7,1518.15,NSE/CNXMIDCAP200
2003-12-02,1524.5,1535.45,1512.3,1531.4,NSE/CNXMIDCAP200
2003-12-03,1544.6,1570.6,1543.3,1564.7,NSE/CNXMIDCAP200
2003-12-04,1572.95,1589.8,1562.1,1583.85,NSE/CNXMIDCAP200
2003-12-05,1592.7,1605.3,1559.25,1564.15,NSE/CNXMIDCAP200
2003-12-09,1589.05,1622.1,1589.05,1621.2,NSE/CNXMIDCAP200
2003-12-10,1625.45,1633.0,1612.2,1620.05,NSE/CNXMIDCAP200
2003-12-11,1630.9,1644.7,1611.9,1627.45,NSE/CNXMIDCAP200
2003-12-12,1637.8,1644.45,1627.45,1640.2,NSE/CNXMIDCAP200
2003-12-15,1654.0,1670.4,1654.0,1666.0,NSE/CNXMIDCAP200
2003-12-16,1666.75,1673.15,1647.75,1666.7,NSE/CNXMIDCAP200
2003-12-17,1672.1,1686.65,1671.35,1676.95,NSE/CNXMIDCAP200
2003-12-18,1685.5,1710.8,1681.65,1706.8,NSE/CNXMIDCAP200
2003-12-19,1714.05,1734.55,1714.05,1726.4,NSE/CNXMIDCAP200
2003-12-22,1733.65,1759.2,1733.65,1756.2,NSE/CNXMIDCAP200
2003-12-23,1764.2,1774.9,1740.8,1745.0,NSE/CNXMIDCAP200
2003-12-24,1751.05,1762.8,1745.25,1759.3,NSE/CNXMIDCAP200
2003-12-26,1764.4,1791.8,1764.4,1789.05,NSE/CNXMIDCAP200
2003-12-29,1796.1,1827.55,1796.1,1826.25,NSE/CNXMIDCAP200
2003-12-30,1838.95,1845.05,1788.4,1799.25,NSE/CNXMIDCAP200
2003-12-31,1803.55,1812.45,1784.1,1794.8,NSE/CNXMIDCAP200
2004-01-01,1801.65,1831.05,1801.65,1829.2,NSE/CNXMIDCAP200
2004-01-02,1838.45,1864.5,1838.45,1861.25,NSE/CNXMIDCAP200
2004-01-05,1875.4,1883.25,1842.4,1853.6,NSE/CNXMIDCAP200
2004-01-06,1856.35,1866.9,1808.6,1817.0,NSE/CNXMIDCAP200
2004-01-07,1817.2,1822.1,1771.95,1792.7,NSE/CNXMIDCAP200
2004-01-08,1809.45,1854.65,1809.45,1852.85,NSE/CNXMIDCAP200
2004-01-09,1887.5,1897.0,1850.7,1861.2,NSE/CNXMIDCAP200
2004-01-12,1862.4,1867.75,1832.45,1836.6,NSE/CNXMIDCAP200
2004-01-13,1843.05,1855.25,1820.1,1846.15,NSE/CNXMIDCAP200
2004-01-14,1857.4,1879.55,1857.4,1873.1,NSE/CNXMIDCAP200
2004-01-15,1875.1,1895.4,1844.5,1850.5,NSE/CNXMIDCAP200
2004-01-16,1853.45,1853.45,1786.5,1802.8,NSE/CNXMIDCAP200
2004-01-19,1811.55,1814.5,1754.6,1807.65,NSE/CNXMIDCAP200
2004-01-20,1819.95,1836.15,1776.0,1784.45,NSE/CNXMIDCAP200
2004-01-21,1777.7,1778.1,1652.45,1661.5,NSE/CNXMIDCAP200
2004-01-22,1669.2,1692.05,1600.6,1616.35,NSE/CNXMIDCAP200
2004-01-23,1634.85,1707.55,1623.85,1698.45,NSE/CNXMIDCAP200
2004-01-27,1716.9,1755.9,1709.45,1752.85,NSE/CNXMIDCAP200
2004-01-28,1758.35,1763.1,1709.25,1719.95,NSE/CNXMIDCAP200
2004-01-29,1722.2,1729.65,1700.6,1710.95,NSE/CNXMIDCAP200
2004-01-30,1714.4,1721.65,1659.3,1662.0,NSE/CNXMIDCAP200
2004-02-03,1667.1,1667.1,1567.5,1578.45,NSE/CNXMIDCAP200
2004-02-05,1622.2,1655.25,1616.0,1623.15,NSE/CNXMIDCAP200
2004-02-06,1629.95,1642.05,1612.95,1638.8,NSE/CNXMIDCAP200
2004-02-09,1651.6,1684.15,1651.6,1680.95,NSE/CNXMIDCAP200
2004-02-10,1685.65,1693.15,1670.1,1683.8,NSE/CNXMIDCAP200
2004-02-11,1688.3,1694.45,1680.9,1691.65,NSE/CNXMIDCAP200
2004-02-12,1697.05,1707.6,1692.85,1703.3,NSE/CNXMIDCAP200
2004-02-13,1706.5,1728.15,1700.85,1727.45,NSE/CNXMIDCAP200
2004-02-16,1734.6,1756.9,1734.6,1746.7,NSE/CNXMIDCAP200
2004-02-17,1750.65,1752.9,1740.45,1746.6,NSE/CNXMIDCAP200
2004-02-18,1753.1,1765.8,1745.2,1747.65,NSE/CNXMIDCAP200
2004-02-19,1749.95,1752.65,1698.5,1701.85,NSE/CNXMIDCAP200
2004-02-20,1697.0,1708.9,1676.25,1696.75,NSE/CNXMIDCAP200
2004-02-23,1704.75,1705.9,1658.15,1661.25,NSE/CNXMIDCAP200
2004-02-25,1664.3,1668.8,1637.25,1642.3,NSE/CNXMIDCAP200
2004-02-26,1646.25,1667.95,1629.0,1632.2,NSE/CNXMIDCAP200
2004-02-27,1636.75,1646.85,1616.9,1642.8,NSE/CNXMIDCAP200
2004-03-01,1648.85,1670.65,1648.85,1669.2,NSE/CNXMIDCAP200
2004-03-03,1674.5,1686.75,1672.25,1676.25,NSE/CNXMIDCAP200
2004-03-04,1683.45,1691.3,1666.85,1671.65,NSE/CNXMIDCAP200
2004-03-05,1679.3,1683.9,1676.1,1682.05,NSE/CNXMIDCAP200
2004-03-08,1690.05,1703.3,1690.05,1699.7,NSE/CNXMIDCAP200
2004-03-09,1701.65,1705.6,1674.75,1683.9,NSE/CNXMIDCAP200
2004-03-10,1682.55,1685.25,1670.1,1672.85,NSE/CNXMIDCAP200
2004-03-11,1672.4,1676.7,1647.65,1650.0,NSE/CNXMIDCAP200
2004-03-12,1648.65,1651.05,1626.15,1646.35,NSE/CNXMIDCAP200
2004-03-15,1650.6,1671.35,1596.45,1603.65,NSE/CNXMIDCAP200
2004-03-16,1600.35,1600.35,1558.35,1568.3,NSE/CNXMIDCAP200
2004-03-17,1576.35,1586.4,1570.8,1578.25,NSE/CNXMIDCAP200
2004-03-18,1578.35,1586.1,1553.8,1557.3,NSE/CNXMIDCAP200
2004-03-19,1560.2,1565.8,1537.25,1555.25,NSE/CNXMIDCAP200
2004-03-22,1558.15,1560.95,1500.05,1501.15,NSE/CNXMIDCAP200
2004-03-23,1498.75,1500.85,1462.65,1484.75,NSE/CNXMIDCAP200
2004-03-24,1485.3,1491.25,1475.05,1483.1,NSE/CNXMIDCAP200
2004-03-25,1487.05,1516.95,1487.05,1509.6,NSE/CNXMIDCAP200
2004-03-26,1515.3,1551.05,1515.3,1542.65,NSE/CNXMIDCAP200
2004-03-29,1550.65,1569.85,1550.65,1568.55,NSE/CNXMIDCAP200
2004-03-30,1573.55,1606.3,1573.55,1586.75,NSE/CNXMIDCAP200
2004-03-31,1590.25,1605.8,1587.5,1603.25,NSE/CNXMIDCAP200
2004-04-01,1606.35,1660.85,1606.35,1656.3,NSE/CNXMIDCAP200
2004-04-02,1665.4,1675.35,1647.85,1672.0,NSE/CNXMIDCAP200
2004-04-05,1673.8,1709.7,1673.8,1691.15,NSE/CNXMIDCAP200
2004-04-06,1698.4,1703.55,1666.7,1672.7,NSE/CNXMIDCAP200
2004-04-07,1672.15,1681.05,1662.75,1668.6,NSE/CNXMIDCAP200
2004-04-08,1667.8,1689.5,1662.85,1684.85,NSE/CNXMIDCAP200
2004-04-12,1691.3,1710.8,1691.3,1700.45,NSE/CNXMIDCAP200
2004-04-13,1704.65,1715.35,1685.4,1713.7,NSE/CNXMIDCAP200
2004-04-15,1716.35,1740.3,1716.35,1732.05,NSE/CNXMIDCAP200
2004-04-16,1739.3,1767.15,1739.3,1754.75,NSE/CNXMIDCAP200
2004-04-17,1762.75,1782.75,1761.3,1779.05,NSE/CNXMIDCAP200
2004-04-19,1787.25,1803.4,1749.85,1753.2,NSE/CNXMIDCAP200
2004-04-20,1759.1,1759.1,1739.4,1748.3,NSE/CNXMIDCAP200
2004-04-21,1746.65,1781.5,1746.15,1780.25,NSE/CNXMIDCAP200
2004-04-22,1787.0,1805.45,1787.0,1803.4,NSE/CNXMIDCAP200
2004-04-23,1809.6,1828.9,1807.35,1810.55,NSE/CNXMIDCAP200
2004-04-27,1802.8,1802.8,1718.5,1721.3,NSE/CNXMIDCAP200
2004-04-28,1718.8,1733.45,1708.25,1728.5,NSE/CNXMIDCAP200
2004-04-29,1728.6,1751.4,1728.6,1737.05,NSE/CNXMIDCAP200
2004-04-30,1739.65,1755.35,1734.5,1739.0,NSE/CNXMIDCAP200
2004-05-03,1740.4,1740.4,1672.15,1694.8,NSE/CNXMIDCAP200
2004-05-04,1705.5,1747.5,1705.5,1745.1,NSE/CNXMIDCAP200
2004-05-05,1753.7,1773.6,1753.7,1763.3,NSE/CNXMIDCAP200
2004-05-06,1768.5,1798.9,1768.5,1796.65,NSE/CNXMIDCAP200
2004-05-07,1801.4,1801.4,1775.4,1779.9,NSE/CNXMIDCAP200
2004-05-10,1771.8,1771.8,1746.15,1758.65,NSE/CNXMIDCAP200
2004-05-11,1749.0,1749.0,1673.0,1679.3,NSE/CNXMIDCAP200
2004-05-12,1678.25,1703.75,1672.45,1697.45,NSE/CNXMIDCAP200
2004-05-13,1669.25,1738.3,1638.9,1711.6,NSE/CNXMIDCAP200
2004-05-14,1712.55,1722.1,1568.45,1577.55,NSE/CNXMIDCAP200
2004-05-17,1577.2,1577.2,1380.4,1404.2,NSE/CNXMIDCAP200
2004-05-18,1404.65,1507.95,1404.65,1502.9,NSE/CNXMIDCAP200
2004-05-19,1517.8,1580.05,1517.8,1569.6,NSE/CNXMIDCAP200
2004-05-20,1569.75,1606.5,1569.75,1579.85,NSE/CNXMIDCAP200
2004-05-21,1580.15,1580.15,1547.5,1575.45,NSE/CNXMIDCAP200
2004-05-24,1583.65,1637.85,1583.65,1634.65,NSE/CNXMIDCAP200
2004-05-25,1635.3,1640.35,1613.95,1629.6,NSE/CNXMIDCAP200
2004-05-26,1641.4,1660.35,1636.25,1639.1,NSE/CNXMIDCAP200
2004-05-27,1640.6,1647.75,1627.8,1629.7,NSE/CNXMIDCAP200
2004-05-28,1627.7,1627.7,1554.85,1558.0,NSE/CNXMIDCAP200
2004-05-31,1543.15,1543.15,1490.85,1505.65,NSE/CNXMIDCAP200
2004-06-01,1514.9,1542.2,1514.9,1519.15,NSE/CNXMIDCAP200
2004-06-02,1527.65,1541.65,1526.35,1530.35,NSE/CNXMIDCAP200
2004-06-03,1540.75,1551.3,1504.35,1507.7,NSE/CNXMIDCAP200
2004-06-04,1506.7,1516.25,1488.9,1509.45,NSE/CNXMIDCAP200
2004-06-07,1516.15,1531.65,1516.15,1524.0,NSE/CNXMIDCAP200
2004-06-08,1527.4,1532.15,1519.35,1526.1,NSE/CNXMIDCAP200
2004-06-09,1530.6,1543.25,1529.7,1539.7,NSE/CNXMIDCAP200
2004-06-10,1540.9,1552.2,1539.55,1548.0,NSE/CNXMIDCAP200
2004-06-11,1551.45,1563.7,1528.8,1530.15,NSE/CNXMIDCAP200
2004-06-14,1531.25,1531.25,1484.5,1490.0,NSE/CNXMIDCAP200
2004-06-15,1489.1,1507.45,1489.1,1500.45,NSE/CNXMIDCAP200
2004-06-16,1505.5,1512.9,1496.5,1498.3,NSE/CNXMIDCAP200
2004-06-17,1502.0,1502.0,1485.6,1499.7,NSE/CNXMIDCAP200
2004-06-18,1499.9,1509.0,1489.95,1492.7,NSE/CNXMIDCAP200
2004-06-21,1493.85,1501.2,1476.65,1477.7,NSE/CNXMIDCAP200
2004-06-22,1478.0,1479.5,1463.7,1466.4,NSE/CNXMIDCAP200
2004-06-23,1466.7,1471.65,1429.1,1431.95,NSE/CNXMIDCAP200
2004-06-24,1435.65,1436.9,1416.6,1431.5,NSE/CNXMIDCAP200
2004-06-25,1432.65,1473.0,1431.85,1469.35,NSE/CNXMIDCAP200
2004-06-28,1469.3,1510.4,1469.3,1508.85,NSE/CNXMIDCAP200
2004-06-29,1511.55,1530.7,1510.05,1520.85,NSE/CNXMIDCAP200
2004-06-30,1521.5,1536.9,1521.5,1524.15,NSE/CNXMIDCAP200
2004-07-01,1526.4,1540.35,1521.2,1538.3,NSE/CNXMIDCAP200
2004-07-02,1537.5,1550.2,1533.2,1543.7,NSE/CNXMIDCAP200
2004-07-05,1539.75,1547.45,1533.35,1535.25,NSE/CNXMIDCAP200
2004-07-06,1536.55,1546.95,1532.4,1546.1,NSE/CNXMIDCAP200
2004-07-07,1546.25,1562.85,1545.25,1550.1,NSE/CNXMIDCAP200
2004-07-08,1552.25,1573.2,1494.3,1501.85,NSE/CNXMIDCAP200
2004-07-09,1483.8,1534.35,1475.05,1533.25,NSE/CNXMIDCAP200
2004-07-12,1539.0,1558.95,1537.75,1554.9,NSE/CNXMIDCAP200
2004-07-13,1558.5,1567.15,1544.65,1552.4,NSE/CNXMIDCAP200
2004-07-14,1554.15,1564.9,1553.95,1561.95,NSE/CNXMIDCAP200
2004-07-15,1561.7,1598.75,1561.7,1595.7,NSE/CNXMIDCAP200
2004-07-16,1598.5,1636.6,1597.85,1633.6,NSE/CNXMIDCAP200
2004-07-19,1641.05,1670.0,1641.05,1656.95,NSE/CNXMIDCAP200
2004-07-20,1658.4,1658.45,1645.2,1647.05,NSE/CNXMIDCAP200
2004-07-21,1656.0,1669.1,1650.75,1661.3,NSE/CNXMIDCAP200
2004-07-22,1671.45,1686.35,1667.9,1671.15,NSE/CNXMIDCAP200
2004-07-23,1675.0,1687.4,1671.4,1685.4,NSE/CNXMIDCAP200
2004-07-26,1682.5,1696.0,1677.25,1687.5,NSE/CNXMIDCAP200
2004-07-27,1691.1,1697.9,1661.8,1663.9,NSE/CNXMIDCAP200
2004-07-28,1665.6,1673.9,1657.7,1663.55,NSE/CNXMIDCAP200
2004-07-29,1666.1,1685.0,1666.1,1681.95,NSE/CNXMIDCAP200
2004-07-30,1684.2,1706.95,1684.2,1697.75,NSE/CNXMIDCAP200
2004-08-02,1705.1,1710.9,1696.8,1698.75,NSE/CNXMIDCAP200
2004-08-03,1702.7,1715.6,1698.3,1701.45,NSE/CNXMIDCAP200
2004-08-04,1703.5,1718.8,1701.35,1707.5,NSE/CNXMIDCAP200
2004-08-05,1712.6,1738.4,1712.6,1737.55,NSE/CNXMIDCAP200
2004-08-06,1740.55,1753.0,1726.15,1730.65,NSE/CNXMIDCAP200
2004-08-09,1732.3,1740.8,1725.15,1738.9,NSE/CNXMIDCAP200
2004-08-10,1746.45,1761.7,1746.45,1757.65,NSE/CNXMIDCAP200
2004-08-11,1760.85,1767.2,1724.15,1728.0,NSE/CNXMIDCAP200
2004-08-12,1727.1,1741.7,1707.2,1714.5,NSE/CNXMIDCAP200
2004-08-13,1715.7,1736.9,1712.9,1732.35,NSE/CNXMIDCAP200
2004-08-16,1732.75,1744.05,1729.0,1733.75,NSE/CNXMIDCAP200
2004-08-17,1736.1,1762.15,1736.1,1756.45,NSE/CNXMIDCAP200
2004-08-18,1759.7,1770.1,1746.25,1749.5,NSE/CNXMIDCAP200
2004-08-19,1757.25,1768.35,1757.25,1766.55,NSE/CNXMIDCAP200
2004-08-20,1766.75,1770.75,1753.8,1757.85,NSE/CNXMIDCAP200
2004-08-23,1757.85,1763.95,1736.8,1738.25,NSE/CNXMIDCAP200
2004-08-24,1737.8,1764.05,1737.8,1762.3,NSE/CNXMIDCAP200
2004-08-25,1764.9,1774.45,1760.5,1762.65,NSE/CNXMIDCAP200
2004-08-26,1767.45,1790.9,1767.45,1788.85,NSE/CNXMIDCAP200
2004-08-27,1796.1,1809.4,1796.1,1806.55,NSE/CNXMIDCAP200
2004-08-30,1807.0,1852.2,1807.0,1850.7,NSE/CNXMIDCAP200
2004-08-31,1851.95,1867.3,1849.7,1864.4,NSE/CNXMIDCAP200
2004-09-01,1871.5,1891.15,1871.5,1882.6,NSE/CNXMIDCAP200
2004-09-02,1885.1,1899.65,1865.65,1869.0,NSE/CNXMIDCAP200
2004-09-03,1870.3,1886.1,1866.3,1883.8,NSE/CNXMIDCAP200
2004-09-06,1891.1,1915.45,1891.1,1911.0,NSE/CNXMIDCAP200
2004-09-07,1911.55,1925.35,1911.55,1917.9,NSE/CNXMIDCAP200
2004-09-08,1919.65,1937.0,1919.65,1928.1,NSE/CNXMIDCAP200
2004-09-09,1931.5,1939.25,1897.95,1904.45,NSE/CNXMIDCAP200
2004-09-10,1906.0,1918.6,1904.2,1918.55,NSE/CNXMIDCAP200
2004-09-13,1922.85,1936.5,1921.7,1924.55,NSE/CNXMIDCAP200
2004-09-14,1926.95,1930.9,1915.65,1917.65,NSE/CNXMIDCAP200
2004-09-15,1918.2,1928.7,1904.75,1910.55,NSE/CNXMIDCAP200
2004-09-16,1910.15,1931.3,1910.15,1930.4,NSE/CNXMIDCAP200
2004-09-17,1933.8,1947.0,1933.7,1935.8,NSE/CNXMIDCAP200
2004-09-20,1941.55,1951.55,1929.6,1931.45,NSE/CNXMIDCAP200
2004-09-21,1934.4,1943.25,1932.95,1941.55,NSE/CNXMIDCAP200
2004-09-22,1947.95,1954.4,1944.15,1950.0,NSE/CNXMIDCAP200
2004-09-23,1949.15,1969.75,1943.2,1945.65,NSE/CNXMIDCAP200
2004-09-24,1948.95,1975.1,1948.95,1965.45,NSE/CNXMIDCAP200
2004-09-27,1975.4,1985.2,1966.05,1968.8,NSE/CNXMIDCAP200
2004-09-28,1974.55,1985.5,1957.45,1959.95,NSE/CNXMIDCAP200
2004-09-29,1969.25,1978.8,1961.15,1976.45,NSE/CNXMIDCAP200
2004-09-30,1982.15,2002.15,1982.15,1993.1,NSE/CNXMIDCAP200
2004-10-01,1991.85,2002.7,1984.25,2001.5,NSE/CNXMIDCAP200
2004-10-04,2011.95,2030.75,2011.95,2020.15,NSE/CNXMIDCAP200
2004-10-05,2022.0,2032.65,2017.95,2029.8,NSE/CNXMIDCAP200
2004-10-06,2036.85,2058.1,2023.65,2027.3,NSE/CNXMIDCAP200
2004-10-07,2030.9,2048.7,2030.9,2042.4,NSE/CNXMIDCAP200
2004-10-08,2044.45,2057.85,2044.45,2056.2,NSE/CNXMIDCAP200
2004-10-09,2056.85,2077.6,2056.85,2075.7,NSE/CNXMIDCAP200
2004-10-11,2083.35,2093.85,2049.55,2054.3,NSE/CNXMIDCAP200
2004-10-12,2056.7,2067.25,2012.8,2014.55,NSE/CNXMIDCAP200
2004-10-14,2014.15,2015.15,1988.95,2010.4,NSE/CNXMIDCAP200
2004-10-15,2011.3,2027.1,2000.9,2004.3,NSE/CNXMIDCAP200
2004-10-18,2014.35,2025.6,1999.25,2002.95,NSE/CNXMIDCAP200
2004-10-19,2011.1,2017.15,2002.55,2013.1,NSE/CNXMIDCAP200
2004-10-20,2013.05,2029.05,2002.75,2004.7,NSE/CNXMIDCAP200
2004-10-21,2005.95,2013.35,1996.65,1999.65,NSE/CNXMIDCAP200
2004-10-25,2001.05,2001.05,1962.35,1964.9,NSE/CNXMIDCAP200
2004-10-26,1966.45,1982.1,1962.4,1979.5,NSE/CNXMIDCAP200
2004-10-27,1987.7,2009.35,1987.7,2001.25,NSE/CNXMIDCAP200
2004-10-28,2010.15,2027.85,2010.15,2021.65,NSE/CNXMIDCAP200
2004-10-29,2026.55,2028.75,2015.5,2016.9,NSE/CNXMIDCAP200
2004-11-01,2022.15,2027.95,2015.75,2026.25,NSE/CNXMIDCAP200
2004-11-02,2026.5,2051.35,2026.5,2049.55,NSE/CNXMIDCAP200
2004-11-03,2055.8,2088.25,2055.8,2086.45,NSE/CNXMIDCAP200
2004-11-04,2094.75,2111.25,2094.75,2097.85,NSE/CNXMIDCAP200
2004-11-05,2099.8,2104.75,2096.45,2101.0,NSE/CNXMIDCAP200
2004-11-08,2106.8,2123.75,2106.8,2110.0,NSE/CNXMIDCAP200
2004-11-09,2113.95,2122.55,2100.0,2103.0,NSE/CNXMIDCAP200
2004-11-10,2109.0,2135.25,2109.0,2134.0,NSE/CNXMIDCAP200
2004-11-11,2135.55,2150.25,2135.55,2141.45,NSE/CNXMIDCAP200
2004-11-12,2151.65,2160.2,2151.65,2155.25,NSE/CNXMIDCAP200
2004-11-16,2158.9,2167.35,2145.25,2165.95,NSE/CNXMIDCAP200
2004-11-17,2170.35,2197.85,2170.35,2193.85,NSE/CNXMIDCAP200
2004-11-18,2199.35,2222.3,2199.35,2218.45,NSE/CNXMIDCAP200
2004-11-19,2222.7,2240.05,2199.95,2202.35,NSE/CNXMIDCAP200
2004-11-22,2202.05,2236.35,2179.2,2234.55,NSE/CNXMIDCAP200
2004-11-23,2238.2,2275.85,2238.2,2259.6,NSE/CNXMIDCAP200
2004-11-24,2266.15,2282.4,2266.15,2274.05,NSE/CNXMIDCAP200
2004-11-25,2278.8,2303.05,2270.2,2276.45,NSE/CNXMIDCAP200
2004-11-29,2276.7,2303.1,2276.7,2300.7,NSE/CNXMIDCAP200
2004-11-30,2308.65,2324.95,2266.1,2272.0,NSE/CNXMIDCAP200
2004-12-01,2274.35,2281.7,2235.7,2266.55,NSE/CNXMIDCAP200
2004-12-02,2275.85,2296.7,2275.85,2289.45,NSE/CNXMIDCAP200
2004-12-03,2289.4,2303.65,2282.85,2292.55,NSE/CNXMIDCAP200
2004-12-06,2300.75,2324.65,2300.75,2310.0,NSE/CNXMIDCAP200
2004-12-07,2310.2,2332.7,2310.2,2321.55,NSE/CNXMIDCAP200
2004-12-08,2325.8,2357.85,2321.25,2325.1,NSE/CNXMIDCAP200
2004-12-09,2329.9,2344.0,2327.55,2338.3,NSE/CNXMIDCAP200
2004-12-10,2339.5,2363.9,2338.75,2343.4,NSE/CNXMIDCAP200
2004-12-13,2346.1,2382.0,2346.1,2380.25,NSE/CNXMIDCAP200
2004-12-14,2385.0,2409.95,2385.0,2408.9,NSE/CNXMIDCAP200
2004-12-15,2410.6,2433.85,2410.6,2415.05,NSE/CNXMIDCAP200
2004-12-16,2419.65,2429.25,2402.8,2420.75,NSE/CNXMIDCAP200
2004-12-17,2427.0,2447.9,2421.1,2425.05,NSE/CNXMIDCAP200
2004-12-20,2428.5,2464.65,2428.5,2460.05,NSE/CNXMIDCAP200
2004-12-21,2477.05,2490.8,2477.05,2483.7,NSE/CNXMIDCAP200
2004-12-22,2492.5,2501.8,2462.45,2465.3,NSE/CNXMIDCAP200
2004-12-23,2468.95,2500.75,2468.95,2495.5,NSE/CNXMIDCAP200
2004-12-24,2508.1,2522.25,2508.1,2514.6,NSE/CNXMIDCAP200
2004-12-27,2519.15,2541.7,2504.95,2531.85,NSE/CNXMIDCAP200
2004-12-28,2539.3,2568.25,2539.3,2565.0,NSE/CNXMIDCAP200
2004-12-29,2580.3,2591.7,2531.95,2545.45,NSE/CNXMIDCAP200
2004-12-30,2556.75,2578.25,2536.55,2543.0,NSE/CNXMIDCAP200
2004-12-31,2553.15,2596.6,2553.15,2595.45,NSE/CNXMIDCAP200
2005-01-03,2616.5,2648.95,2616.5,2645.95,NSE/CNXMIDCAP200
2005-01-04,2660.45,2669.45,2645.95,2654.1,NSE/CNXMIDCAP200
2005-01-05,2654.5,2666.65,2482.0,2565.3,NSE/CNXMIDCAP200
2005-01-06,2567.3,2581.3,2479.35,2530.0,NSE/CNXMIDCAP200
2005-01-07,2535.9,2584.3,2535.9,2579.4,NSE/CNXMIDCAP200
2005-01-10,2589.4,2643.05,2587.75,2594.9,NSE/CNXMIDCAP200
2005-01-11,2591.85,2604.3,2521.4,2527.05,NSE/CNXMIDCAP200
2005-01-12,2524.15,2536.75,2416.1,2423.25,NSE/CNXMIDCAP200
2005-01-13,2442.95,2514.5,2442.95,2506.5,NSE/CNXMIDCAP200
2005-01-14,2520.85,2528.05,2481.05,2490.9,NSE/CNXMIDCAP200
2005-01-17,2503.1,2510.05,2443.85,2474.2,NSE/CNXMIDCAP200
2005-01-18,2485.55,2513.55,2483.5,2491.4,NSE/CNXMIDCAP200
2005-01-19,2499.9,2509.1,2483.25,2486.3,NSE/CNXMIDCAP200
2005-01-20,2484.35,2484.35,2447.4,2466.3,NSE/CNXMIDCAP200
2005-01-24,2472.65,2476.35,2450.75,2454.3,NSE/CNXMIDCAP200
2005-01-25,2455.2,2479.7,2439.05,2477.9,NSE/CNXMIDCAP200
2005-01-27,2493.45,2534.0,2493.45,2530.4,NSE/CNXMIDCAP200
2005-01-28,2538.0,2569.3,2538.0,2565.95,NSE/CNXMIDCAP200
2005-01-31,2583.8,2611.9,2583.8,2608.85,NSE/CNXMIDCAP200
2005-02-01,2609.1,2640.5,2597.2,2635.4,NSE/CNXMIDCAP200
2005-02-02,2636.2,2670.4,2636.2,2654.05,NSE/CNXMIDCAP200
2005-02-03,2655.05,2698.55,2655.05,2695.7,NSE/CNXMIDCAP200
2005-02-04,2710.9,2724.95,2682.8,2699.45,NSE/CNXMIDCAP200
2005-02-07,2712.15,2733.05,2703.4,2708.9,NSE/CNXMIDCAP200
2005-02-08,2711.85,2730.25,2708.25,2720.4,NSE/CNXMIDCAP200
2005-02-09,2735.55,2780.8,2735.55,2775.35,NSE/CNXMIDCAP200
2005-02-10,2786.1,2800.8,2764.9,2770.05,NSE/CNXMIDCAP200
2005-02-11,2771.9,2802.0,2771.9,2783.9,NSE/CNXMIDCAP200
2005-02-14,2781.55,2817.15,2781.55,2787.95,NSE/CNXMIDCAP200
2005-02-15,2796.2,2797.85,2752.2,2759.4,NSE/CNXMIDCAP200
2005-02-16,2762.1,2793.5,2736.85,2743.7,NSE/CNXMIDCAP200
2005-02-17,2746.75,2746.75,2720.0,2736.25,NSE/CNXMIDCAP200
2005-02-18,2741.85,2767.9,2728.9,2735.55,NSE/CNXMIDCAP200
2005-02-21,2747.95,2755.6,2722.4,2726.1,NSE/CNXMIDCAP200
2005-02-22,2727.65,2737.75,2709.05,2735.35,NSE/CNXMIDCAP200
2005-02-23,2738.45,2773.15,2737.15,2752.6,NSE/CNXMIDCAP200
2005-02-24,2764.95,2777.3,2749.35,2753.05,NSE/CNXMIDCAP200
2005-02-25,2763.85,2772.05,2725.75,2730.5,NSE/CNXMIDCAP200
2005-02-28,2743.15,2768.75,2734.85,2758.2,NSE/CNXMIDCAP200
2005-03-01,2768.4,2771.25,2752.6,2759.05,NSE/CNXMIDCAP200
2005-03-02,2770.4,2808.4,2770.4,2806.15,NSE/CNXMIDCAP200
2005-03-03,2808.65,2848.8,2808.65,2847.05,NSE/CNXMIDCAP200
2005-03-04,2861.4,2880.5,2847.55,2872.7,NSE/CNXMIDCAP200
2005-03-07,2872.95,2911.9,2872.95,2895.15,NSE/CNXMIDCAP200
2005-03-08,2902.05,2927.45,2902.05,2915.85,NSE/CNXMIDCAP200
2005-03-09,2922.85,2937.0,2856.35,2878.7,NSE/CNXMIDCAP200
2005-03-10,2884.05,2911.75,2876.6,2907.25,NSE/CNXMIDCAP200
2005-03-11,2915.1,2949.5,2911.05,2917.15,NSE/CNXMIDCAP200
2005-03-14,2921.95,2938.65,2900.7,2903.55,NSE/CNXMIDCAP200
2005-03-15,2918.5,2932.9,2896.85,2904.35,NSE/CNXMIDCAP200
2005-03-16,2912.85,2946.5,2912.85,2916.8,NSE/CNXMIDCAP200
2005-03-17,2922.25,2925.6,2872.8,2879.3,NSE/CNXMIDCAP200
2005-03-18,2879.3,2897.2,2817.9,2862.7,NSE/CNXMIDCAP200
2005-03-21,2869.45,2894.15,2868.75,2871.8,NSE/CNXMIDCAP200
2005-03-22,2874.85,2879.1,2807.45,2814.75,NSE/CNXMIDCAP200
2005-03-23,2818.25,2834.75,2731.2,2739.65,NSE/CNXMIDCAP200
2005-03-24,2754.05,2763.35,2699.45,2711.55,NSE/CNXMIDCAP200
2005-03-28,2716.05,2754.6,2716.05,2738.75,NSE/CNXMIDCAP200
2005-03-29,2738.6,2742.2,2666.3,2677.75,NSE/CNXMIDCAP200
2005-03-30,2687.5,2730.75,2672.9,2718.2,NSE/CNXMIDCAP200
2005-03-31,2724.25,2789.25,2724.25,2782.3,NSE/CNXMIDCAP200
2005-04-01,2784.55,2862.25,2784.55,2856.6,NSE/CNXMIDCAP200
2005-04-04,2866.3,2902.55,2866.3,2884.75,NSE/CNXMIDCAP200
2005-04-05,2897.95,2902.9,2849.25,2854.75,NSE/CNXMIDCAP200
2005-04-06,2862.5,2888.8,2862.5,2884.9,NSE/CNXMIDCAP200
2005-04-07,2901.4,2915.5,2880.8,2887.2,NSE/CNXMIDCAP200
2005-04-08,2899.9,2904.45,2859.6,2869.3,NSE/CNXMIDCAP200
2005-04-11,2875.05,2875.05,2830.05,2842.8,NSE/CNXMIDCAP200
2005-04-12,2851.35,2872.95,2850.1,2864.2,NSE/CNXMIDCAP200
2005-04-13,2867.55,2888.9,2861.05,2868.75,NSE/CNXMIDCAP200
2005-04-15,2862.65,2862.65,2789.15,2795.45,NSE/CNXMIDCAP200
2005-04-18,2768.65,2776.8,2732.7,2764.65,NSE/CNXMIDCAP200
2005-04-19,2763.75,2807.15,2746.3,2752.05,NSE/CNXMIDCAP200
2005-04-20,2747.8,2771.2,2729.55,2764.2,NSE/CNXMIDCAP200
2005-04-21,2752.9,2806.0,2752.9,2805.4,NSE/CNXMIDCAP200
2005-04-22,2813.45,2847.8,2813.45,2844.3,NSE/CNXMIDCAP200
2005-04-25,2852.1,2866.6,2840.85,2853.9,NSE/CNXMIDCAP200
2005-04-26,2855.0,2879.45,2850.95,2855.45,NSE/CNXMIDCAP200
2005-04-27,2852.0,2859.45,2819.5,2826.25,NSE/CNXMIDCAP200
2005-04-28,2826.65,2844.95,2810.85,2818.0,NSE/CNXMIDCAP200
2005-04-29,2816.4,2823.85,2769.1,2774.3,NSE/CNXMIDCAP200
2005-05-02,2784.3,2797.5,2742.65,2751.9,NSE/CNXMIDCAP200
2005-05-03,2756.25,2774.9,2752.2,2762.9,NSE/CNXMIDCAP200
2005-05-04,2767.15,2797.5,2767.15,2794.8,NSE/CNXMIDCAP200
2005-05-05,2817.05,2848.6,2817.05,2836.1,NSE/CNXMIDCAP200
2005-05-06,2850.65,2850.65,2827.3,2840.8,NSE/CNXMIDCAP200
2005-05-09,2846.85,2882.3,2846.85,2881.25,NSE/CNXMIDCAP200
2005-05-10,2883.5,2899.7,2876.25,2880.85,NSE/CNXMIDCAP200
2005-05-11,2881.75,2894.7,2872.85,2884.55,NSE/CNXMIDCAP200
2005-05-12,2890.15,2923.95,2890.15,2918.1,NSE/CNXMIDCAP200
2005-05-13,2927.5,2947.35,2923.25,2939.8,NSE/CNXMIDCAP200
2005-05-16,2952.75,2979.65,2952.75,2974.8,NSE/CNXMIDCAP200
2005-05-17,2978.45,2997.0,2941.6,2948.2,NSE/CNXMIDCAP200
2005-05-18,2946.75,2969.5,2926.1,2965.25,NSE/CNXMIDCAP200
2005-05-19,2989.25,3008.7,2981.25,2986.15,NSE/CNXMIDCAP200
2005-05-20,2995.6,3000.85,2975.25,2979.05,NSE/CNXMIDCAP200
2005-05-23,2991.2,3000.05,2988.8,2991.6,NSE/CNXMIDCAP200
2005-05-24,2995.55,3004.05,2988.45,2996.65,NSE/CNXMIDCAP200
2005-05-25,2997.7,3017.9,2995.9,3010.5,NSE/CNXMIDCAP200
2005-05-26,3017.2,3029.1,3006.45,3009.35,NSE/CNXMIDCAP200
2005-05-27,3017.95,3030.15,2984.55,2992.05,NSE/CNXMIDCAP200
2005-05-30,2999.1,3001.3,2965.1,2966.35,NSE/CNXMIDCAP200
2005-05-31,2967.9,2986.25,2967.9,2982.0,NSE/CNXMIDCAP200
2005-06-01,2989.95,3013.65,2989.95,3010.25,NSE/CNXMIDCAP200
2005-06-02,3013.75,3024.2,2987.1,2990.8,NSE/CNXMIDCAP200
2005-06-03,2998.0,3008.4,2990.5,3006.75,NSE/CNXMIDCAP200
2005-06-04,3012.05,3021.75,3005.6,3019.2,NSE/CNXMIDCAP200
2005-06-06,3027.75,3053.0,3027.75,3036.65,NSE/CNXMIDCAP200
2005-06-07,3045.95,3056.55,3039.75,3046.4,NSE/CNXMIDCAP200
2005-06-08,3056.95,3078.65,3052.4,3059.0,NSE/CNXMIDCAP200
2005-06-09,3066.9,3084.4,3065.95,3076.6,NSE/CNXMIDCAP200
2005-06-10,3090.9,3097.85,3056.0,3063.85,NSE/CNXMIDCAP200
2005-06-13,3068.9,3076.2,3050.3,3065.45,NSE/CNXMIDCAP200
2005-06-14,3073.5,3088.5,3071.0,3082.9,NSE/CNXMIDCAP200
2005-06-15,3083.8,3108.55,3083.8,3096.15,NSE/CNXMIDCAP200
2005-06-16,3106.8,3106.85,3048.65,3050.6,NSE/CNXMIDCAP200
2005-06-17,3054.85,3061.35,2990.1,3005.5,NSE/CNXMIDCAP200
2005-06-20,3028.75,3033.65,2978.55,2983.15,NSE/CNXMIDCAP200
2005-06-21,2992.0,2997.8,2971.15,2991.8,NSE/CNXMIDCAP200
2005-06-22,2996.3,3020.3,2986.65,2995.2,NSE/CNXMIDCAP200
2005-06-23,3000.65,3010.25,2988.8,3006.75,NSE/CNXMIDCAP200
2005-06-24,3004.15,3037.5,2994.45,3029.15,NSE/CNXMIDCAP200
2005-06-27,3034.1,3054.8,3014.75,3018.8,NSE/CNXMIDCAP200
2005-06-28,3026.9,3036.95,2960.1,2963.45,NSE/CNXMIDCAP200
2005-06-29,2973.1,2993.9,2966.45,2991.05,NSE/CNXMIDCAP200
2005-06-30,2995.55,3012.95,2986.55,2991.95,NSE/CNXMIDCAP200
2005-07-01,2994.65,3037.55,2993.95,3034.75,NSE/CNXMIDCAP200
2005-07-04,3037.85,3085.5,3037.85,3084.0,NSE/CNXMIDCAP200
2005-07-05,3092.75,3117.25,3076.4,3082.3,NSE/CNXMIDCAP200
2005-07-06,3103.15,3132.45,3103.15,3128.0,NSE/CNXMIDCAP200
2005-07-07,3130.3,3150.55,3084.7,3094.6,NSE/CNXMIDCAP200
2005-07-08,3108.85,3147.3,3108.85,3144.8,NSE/CNXMIDCAP200
2005-07-11,3153.65,3192.45,3153.65,3190.65,NSE/CNXMIDCAP200
2005-07-12,3195.4,3210.4,3161.6,3195.75,NSE/CNXMIDCAP200
2005-07-13,3210.8,3233.35,3208.6,3216.45,NSE/CNXMIDCAP200
2005-07-14,3226.45,3234.25,3202.35,3206.4,NSE/CNXMIDCAP200
2005-07-15,3208.15,3239.85,3208.15,3239.15,NSE/CNXMIDCAP200
